County,License.Number,Operation.Type,Establishment.Type,Entity.Name,DBA.Name,Street.Number,Street.Name,Address.Line.2,Address.Line.3,City,State,Zip.Code,Square.Footage,coun_dist,shape_area,shape_leng,grocery
New York,627413,Store,A,DOLLAR VARIETY STORE INC,DOLLAR VARIETY STORE,762,AMSTERDAM AVE,NA,NA,NEW YORK,NY,10025,1800,7,51417190.86,50149.62606,
New York,717156,Store,JAC,GALAXY GOURMET INC,GALAXY GOURMET,3778,BROADWAY,NA,NA,NEW YORK,NY,10032,2000,7,51417190.86,50149.62606,
New York,622503,Store,JAC,3550 FOOD CORP,KEY FOOD SUPERMARKET,3550,BROADWAY,NA,NA,NEW YORK,NY,10031,15000,7,51417190.86,50149.62606,
New York,739966,Store,JAC,FINEST COLUMBIA DELI INC,FINEST COLUMBIA DELI,945,AMSTERDAM AVE,NA,NA,NEW YORK,NY,10025,2000,7,51417190.86,50149.62606,
New York,628824,Store,JAC,SANTIAGO DELI FOOD CORP,SANTIAGO DELI FOOD,3415,BROADWAY,NA,NA,NEW YORK,NY,10031,1600,7,51417190.86,50149.62606,
New York,739952,Store,JAC,MANHATTEN AVENUE COMMUNITY CAFE I,MANHATTEN AVE COMMUNITY,51,WEST 106TH STREET,NA,NA,NEW YORK,NY,10025,0,7,51417190.86,50149.62606,
New York,725281,Store,A,ABC MART NC,ABC MART,3505,BROADWAY,NA,NA,NEW YORK,NY,10031,2000,7,51417190.86,50149.62606,
New York,629213,Store,JAC,DDY MINI MARKET & DELI CORP,DDY MINI MARKET & DELI,955,AMSTERDAM AVE,NA,NA,NEW YORK,NY,10025,1800,7,51417190.86,50149.62606,
New York,713271,Store,JAC,FREEDOM DELI #2 CORP,FREEDOM DELI #2,908,ST. NICHOLAS AVE,NA,NA,NEW YORK,NY,10032,1800,7,51417190.86,50149.62606,
New York,738688,Store,JAC,3872 ENG DELI GROCERY LLC,3872 ENG DELI,3872,BROADWAY,NA,NA,NEW YORK,NY,10032,2000,7,51417190.86,50149.62606,
New York,742768,Store,JAC,HB DELI GROCERY CORP,HB DELI GROCERY,3787A,BROADWAY,NA,NA,NEW YORK,NY,10032,1800,7,51417190.86,50149.62606,
New York,731962,Store,JAC,HEIGHTS DELI FOODS INC THE,HEIGHTS DELI FOODS,1649,AMSTERDAM AVENUE,NA,NA,NEW YORK,NY,10031,0,7,51417190.86,50149.62606,
New York,740014,Store,JAC,NY HARVEST TRADING INC,EVERFRESH SUSHI,2840,BROADWAY,NA,NA,NEW YORK,NY,10025,0,7,51417190.86,50149.62606,
New York,742988,Store,A,164 ST DELI GROCERY INC,164 ST DELI GROCERY,2097,AMSTERDAM AVE,NA,NA,NEW YORK,NY,10032,1600,7,51417190.86,50149.62606,
New York,725353,Store,JAC,BIG APPLE SMOKE SHOP & ORGANIC CO,BIG APPLE SMOKE SHOP,3542,BROADWAY,NA,NA,NEW YORK,NY,10031,1500,7,51417190.86,50149.62606,
New York,626825,Store,JAC,HENRIQUEZ MIGUEL,HENRIQUEZ GROCERY STORE,500,W 135TH ST,NA,NA,NEW YORK,NY,10031,1200,7,51417190.86,50149.62606,
New York,741447,Store,JAC,3805 FRESH MARKET CORP,MET FRESH ORGANIC SUPER,3805,BROADWAY,NA,NA,NEW YORK,NY,10032,0,7,51417190.86,50149.62606,
New York,748198,Store,A,GOLDEN EARTH CANDY INC,GOLDEN EARTH CANDY,3635,BROADWAY,NA,NA,NEW YORK,NY,10031,0,7,51417190.86,50149.62606,
New York,705291,Store,A,BEST GOURMET DELI GROCERY INC,BEST GOURMET DELI GROCE,896,AMSTERDAM AVE,NA,NA,NEW YORK,NY,10025,800,7,51417190.86,50149.62606,
New York,709567,Store,JAC,ELLINGTON DELI INC,ELLINGTON DELI,934,COLUMBUS AVE,NA,NA,NEW YORK,NY,10025,2200,7,51417190.86,50149.62606,
New York,726077,Store,A,MINI STAR CONVENIENCE CORP,MINI STAR,3611,BROADWAY,NA,NA,NEW YORK,NY,10031,1600,7,51417190.86,50149.62606,
New York,724018,Store,JAC,2038 AMSTERDAM GROCERY & TOBACCO,2038 AMSTERDAM GROCERY,2038,AMSTERDAM AVENUE,NA,NA,NEW YORK,NY,10032,2000,7,51417190.86,50149.62606,
New York,629399,Store,A,DUANE READE LLP,WALGREENS #14489,3387,BROADWAY,NA,NA,NEW YORK,NY,10031,0,7,51417190.86,50149.62606,
New York,746994,Store,JAC,NEW AMSTERDAM GOURMET DELI CORP,NEW AMSTERDAM GOURMET,1681,AMSTERDAM AVENUE,NA,NA,NEW YORK,NY,10031,1800,7,51417190.86,50149.62606,
New York,621480,Store,JAC,REYES JUAN MANUEL,MANUELS GROCERY,3675,BROADWAY,NA,NA,NEW YORK,NY,10031,2100,7,51417190.86,50149.62606,
New York,716562,Store,JAC,162 GOURMET DELI CORP,162 GOURMET DELI,601,"WEST 162ND ST, STORE 3",NA,NA,NEW YORK,NY,10032,2000,7,51417190.86,50149.62606,
New York,628759,Store,JAC,FRUTERA EL BUEN CAMINO CORP,FRUTERA EL BUEN CAMINO,3888,BROADWAY,NA,NA,NEW YORK,NY,10032,300,7,51417190.86,50149.62606,
New York,719384,Store,JAC,ZUNIGA LUIS ENRIQUE&SUQUINAGUA CA,AMSTERDAM FRESH STORE,1701,AMSTERDAM AVE STORE #4C,NA,NA,NEW YORK,NY,10031,0,7,51417190.86,50149.62606,
New York,624559,Store,JAC,SUPER VALUE MEAT MARKET CORP,SUPER VALUE MEAT MARKET,3461,BROADWAY,NA,NA,NEW YORK,NY,10031,3000,7,51417190.86,50149.62606,
New York,732818,Store,A,F DOUGLASS 99 CENTS & UP INC,F DOUGLASS 99 CENTS,850,A AMSTERDAM AVENUE,NA,NA,NEW YORK,NY,10025,0,7,51417190.86,50149.62606,
New York,745013,Store,A,UNIQUE 99 CENT MORE OR LESS CORP,UNIQUE 99 CENT MORE OR,3427,BRAODWAY,NA,NA,NEW YORK,NY,10031,1800,7,51417190.86,50149.62606,
New York,737631,Store,A,NYC ONE MINI MARKET FOOD CORP,NYC ONE,1995,AMSTERDAM AVE,NA,NA,NEW YORK,NY,10032,1800,7,51417190.86,50149.62606,
New York,739644,Store,A,HAFEEZ CANDY GROCERY INC,HAFEEZ CANDY STORE,3895,BROADWAY,NA,NA,NEW YORK,NY,10032,1000,7,51417190.86,50149.62606,
New York,743915,Store,A,946 COLUMBUS AVE LLC,946 COLUMBUS AVE CONV,946,COLUMBUS AVE,NA,NA,NEW YORK,NY,10025,100,7,51417190.86,50149.62606,
New York,748864,Store,JAC,TSOM CORP,TSOM,1239,"AMSTERDAM AVENUE, IN MASAWA",NA,NA,NEW YORK,NY,10027,200,7,51417190.86,50149.62606,
New York,717422,Store,JAC,105 DELI & GRILL INC,105 DELI & GRILL,922,AMSTERDAM AVE,NA,NA,NEW YORK,NY,10025,1000,7,51417190.86,50149.62606,
New York,726907,Store,A,TOURE SIDI M,TOURE SIDI M,905,COLUMBUS AVE,NA,NA,NEW YORK,NY,10025,400,7,51417190.86,50149.62606,
New York,745507,Store,JAC,FAMILIA FRUIT MARKET CORP,FAMILIA FRUIT MARKET,3430,BROADWAY,NA,NA,NEW YORK,NY,10031,1500,7,51417190.86,50149.62606,
New York,628571,Store,JAC,1836 AMSTERDAM MINIMARKET CORP,1836 AMSTERDAM MINIMKT,1836,AMSTERDAM AVE,NA,NA,NEW YORK,NY,10031,1500,7,51417190.86,50149.62606,
New York,745037,Store,JAC,PRESPYTERIAN DELI CORP,PRESPYTERIAN DELI,1083,ST. NICHOLAS AVE,NA,NA,NEW YORK,NY,10032,2000,7,51417190.86,50149.62606,
New York,734286,Store,JAC,MI BANDERA GROCERIES & MEATS INC,MI BANDERA GROCERIES &,1045,ST NICHOLAS AVE,NA,NA,NEW YORK,NY,10032,2200,7,51417190.86,50149.62606,
New York,628832,Store,JAC,ARCHIE GROCERY CORP,ARCHIE GROCERY,1061,SAINT NICHOLAS AVE,NA,NA,NEW YORK,NY,10032,1500,7,51417190.86,50149.62606,
New York,741608,Store,JAC,MANHATTANVILLE GOURMET DELI 2 INC,MANHATTANVILLE GOURMET,1477,AMSTERDAM AVE,NA,NA,NEW YORK,NY,10027,0,7,51417190.86,50149.62606,
New York,629976,Store,JAC,LAM SUPERMARKET CORP,APPLE TREE MARKET,1225,AMSTERDAM AVE,NA,NA,NEW YORK,NY,10027,4700,7,51417190.86,50149.62606,
New York,626486,Store,JAC,145 DELI&GROCERY INC,145 DELI&GROCERY,1717,AMSTERDAM AVE,NA,NA,NEW YORK,NY,10031,1000,7,51417190.86,50149.62606,
New York,735661,Store,A,142 GROCERY AND TOBACCO INC,142 GROCERY AND TOBACCO,3475,BROADWAY,NA,NA,NEW YORK,NY,10031,0,7,51417190.86,50149.62606,
New York,739745,Store,JAC,DE LA CRUZ RIVERA EVA,RIVERA FRUITS & VEGETAB,2011,AMSTERDAM AVE,NA,NA,NEW YORK,NY,10032,0,7,51417190.86,50149.62606,
New York,733022,Store,JAC,JP 144 GROCERY CORP,JP 144 GROCERY,1700,AMSTERDAM AVE,NA,NA,NEW YORK,NY,10031,0,7,51417190.86,50149.62606,
New York,744792,Store,JAC,AZIZ DELI CORP,AZIZ DELI,3448,BROADWAY,NA,NA,NEW YORK,NY,10031,1800,7,51417190.86,50149.62606,
New York,713257,Store,JAC,BIG FARM MEX PRODUCE INC,BIG FARM MEX PRODUCE,2100,AMSTERDAM AVE STORE 1,NA,NA,NEW YORK,NY,10032,1800,7,51417190.86,50149.62606,
New York,626855,Store,JAC,HAMILTON CORNER MEAT MARKET INC,HAMILTON MEAT MARKET,1,HAMILTON PLACE,NA,NA,NEW YORK,NY,10031,1800,7,51417190.86,50149.62606,
New York,627578,Store,JAC,THRIFTY DELI SUPERMARKET CORP,THRIFTY DELI SPRMKT,3149,BROADWAY,NA,NA,NEW YORK,NY,10027,3500,7,51417190.86,50149.62606,
New York,725960,Store,JAC,PLATON RICARDO CHINO,RICKY FRUITS VEGETABLES,3804,BROADWAY,NA,NA,NEW YORK,NY,10032,1200,7,51417190.86,50149.62606,
New York,722668,Store,A,WASHINGTON HEIGHT GROCERY INC,WASHINGTON HEIGHT GROCE,2011C,AMSTERDAM AVE,NA,NA,NEW YORK,NY,10032,1200,7,51417190.86,50149.62606,
New York,625757,Store,JAC,BROADWAY SPECIALTY FOODS INC,GARDEN OF EDEN,2780,BROADWAY,NA,NA,NEW YORK,NY,10025,4300,7,51417190.86,50149.62606,
New York,745315,Store,JAC,KING WEST DELI INC,KING WEST DELI,62,MANHATTAN AVE,NA,NA,NEW YORK,NY,10025,1000,7,51417190.86,50149.62606,
New York,731696,Store,JAC,LUNA DELI INC,LUNA DELI,3494,BROADWAY,NA,NA,NEW YORK,NY,10031,0,7,51417190.86,50149.62606,
New York,710634,Store,JAC,LEDESMA AMARILIS A,AMOR DELI GROCERY,21,CONVENT AVE,NA,NA,NEW YORK,NY,10027,600,7,51417190.86,50149.62606,
New York,735972,Store,JAC,RED OLIVE DELI INC,RED OLIVE DELI,567,W 125TH STREET,NA,NA,NEW YORK,NY,10027,942,7,51417190.86,50149.62606,
New York,720987,Store,JAC,EASY 602 FOOD CORP,EASY 602 FOOD,3371,BROADWAY,NA,NA,NEW YORK,NY,10031,0,7,51417190.86,50149.62606,
New York,748842,Store,A,GB LICENSE LLC,GOPUFF (BROADWAY),2680,BROADWAY,NA,NA,NEW YORK,NY,10025,5000,7,51417190.86,50149.62606,
New York,744642,Store,JAC,EVERGREEN MOE INC,EVERGREEN MOE,600,W 160TH STREET,NA,NA,NEW YORK,NY,10032,0,7,51417190.86,50149.62606,
New York,739698,Store,JAC,AMEEN DELI CORP,AMEEN DELI,1776,AMSTERDAM AVE,NA,NA,NEW YORK,NY,10031,0,7,51417190.86,50149.62606,
New York,729037,Store,JAC,TWO RIVERS DELI-GROCERY CORP,TWO RIVERS DELI-GROCERY,1948,AMSTERDAM AVE,NA,NA,NEW YORK,NY,10032,0,7,51417190.86,50149.62606,
New York,627443,Store,A,ALPHAYA 99 CENT STORE PLUS CORP,ALPHAYA 99,1405,AMSTERDAM AVE,NA,NA,NEW YORK,NY,10027,2500,7,51417190.86,50149.62606,
New York,744367,Store,JAC,BROADWAY GOURMET DELI 1 CORP,BROADWAY GOURMET,3750,BROADWAY,NA,NA,NEW YORK,NY,10032,2000,7,51417190.86,50149.62606,
New York,715091,Store,JAC,109 SPICY GOURMET DELI INC,109 SPICY GOURMET DELI,990,AMSTERDAM AVE,NA,NA,NEW YORK,NY,10025,1200,7,51417190.86,50149.62606,
New York,624697,Store,A,SOLIS VICENTE ANGEL,YUCA MEXICAN PRODUCE &,1345-9,AMSTERDAM AVE,NA,NA,NEW YORK,NY,10027,600,7,51417190.86,50149.62606,
New York,625119,Store,A,RITE AID OF NEW YORK INC,RITE AID PHARMACY 04185,3539,BROADWAY,NA,NA,NEW YORK,NY,10031,6000,7,51417190.86,50149.62606,
New York,722576,Store,JAC,LOS AMIGOS FOOD CORP,LOS AMIGOS FOOD,1055,ST NICHOLAS AVE,NA,NA,NEW YORK,NY,10032,1800,7,51417190.86,50149.62606,
New York,628323,Store,A,BIG EMPIRE INC,99 CENTS & UP NYC,921,COLUMBUS AVE,NA,NA,NEW YORK,NY,10025,2800,7,51417190.86,50149.62606,
New York,705011,Store,JAC,GRAB & GO GOURMET DELI INC,GRAB & GO GOURMET DELI,3920,BROADWAY STORE 1,NA,NA,NEW YORK,NY,10032,2800,7,51417190.86,50149.62606,
New York,717698,Store,JAC,ST PHILOPATER MARCURIUS INC,RANCH DELI,856,AMSTERDAM AVE,NA,NA,NEW YORK,NY,10025,9000,7,51417190.86,50149.62606,
New York,732893,Store,A,CVS ALBANY LLC,CVS PHARMACY # 11075,2833,BROADWAY,NA,NA,NEW YORK,NY,10025,0,7,51417190.86,50149.62606,
New York,625528,Store,A,RITE AID OF NEW YORK INC,RITE AID 7759,1033,ST NICHOLAS AVE,NA,NA,NEW YORK,NY,10032,5000,7,51417190.86,50149.62606,
New York,729139,Store,JAC,MANHATTAN SEAFOOD INC,MANHATTAN SEAFOOD,3344,BROADWAY,NA,NA,NEW YORK,NY,10031,0,7,51417190.86,50149.62606,
New York,742939,Store,JAC,COLUMBIA 1 MARKET INC,COLUMBIA 1 MARKET,20,OLD BROADWAY,NA,NA,NEW YORK,NY,10027,0,7,51417190.86,50149.62606,
New York,732926,Store,JAC,KING COLUMBUS GOURMET DELI INC,KING COLUMBUS GOURMET D,900,COLUMBUS AVE,NA,NA,NEW YORK,NY,10025,750,7,51417190.86,50149.62606,
New York,734079,Store,JAC,GALLARDO MINIMARKET CORP,GALLARDO MINIMARKET,3478,BROADWAY,NA,NA,NEW YORK,NY,10031,1800,7,51417190.86,50149.62606,
New York,628893,Store,JAC,J&F MEAT MARKET CORP,J&F MEAT MARKET,1975,AMSTERDAM AVE,NA,NA,NEW YORK,NY,10032,3600,7,51417190.86,50149.62606,
New York,718558,Store,JAC,2002 BROTHER DELI GROCERY NY CORP,2002 BROTHER DELI GROCE,507,159TH STREET,NA,NA,NEW YORK,NY,10032,2400,7,51417190.86,50149.62606,
New York,625298,Store,JAC,LAMICH CORP,MONDEL CHOCOLATES,2913,BROADWAY,NA,NA,NEW YORK,NY,10025,1000,7,51417190.86,50149.62606,
New York,625670,Store,JAC,901 COLUMBUS DELI CORP,901 COLUMBUS DELI,901,COLUMBUS AVE,NA,NA,NEW YORK,NY,10025,1600,7,51417190.86,50149.62606,
New York,725709,Store,JAC,YDHNY INC,YDHNY SEAFOOD,600,W 160TH STREET,NA,NA,NEW YORK,NY,10032,300,7,51417190.86,50149.62606,
New York,723963,Store,JAC,3821 FOOD CORP,SUPER FOOD TOWN,600,WEST 160TH STREET,NA,NA,NEW YORK,NY,10032,0,7,51417190.86,50149.62606,
New York,724148,Store,JAC,WEST PARK DELI INC,WEST PARK DELI,19,W 103RD ST,NA,NA,NEW YORK,NY,10025,1000,7,51417190.86,50149.62606,
New York,741994,Store,JAC,528 SUGAR HILL GOURMET DELI CORP,528 SUGAR HILL GOURMET,528,WEST 145TH ST,NA,NA,NEW YORK,NY,10031,2000,7,51417190.86,50149.62606,
New York,737409,Store,A,HAIDERAH CANDY AND GROCERY CORP,HAIDERAH CANDY,561,WEST 145TH STREET,NA,NA,NEW YORK,NY,10031,500,7,51417190.86,50149.62606,
New York,735024,Store,A,CVS ALBANY LLC,CVS/PHARMACY #10827,3536,BROADWAY,NA,NA,NEW YORK,NY,10031,0,7,51417190.86,50149.62606,
New York,746172,Store,JAC,ELLINGTON DELI DELI CORP THE,THE ELLINGTON DELI DELI,934,COLUMBUS AVE,NA,NA,NEW YORK,NY,10025,0,7,51417190.86,50149.62606,
New York,626943,Store,JAC,RANCHOS FOOD CORP,COLUMBUS FOODMARKET,71-81,W 104TH ST,NA,NA,NEW YORK,NY,10025,10000,7,51417190.86,50149.62606,
New York,628382,Store,JAC,MARTE WILLIAM,KSY MINI MARKET,996,AMSTERDAM AVE,NA,NA,NEW YORK,NY,10025,4000,7,51417190.86,50149.62606,
New York,748700,Store,A,MISHKINS PHARMA LLC,MISHKINS PHARMACY,1714,AMSTERDAM AVE,NA,NA,NEW YORK,NY,10031,0,7,51417190.86,50149.62606,
New York,629375,Store,JAC,GOALS SERVICE STATION INC,SHELL GAS,3260,BROADWAY,NA,NA,NEW YORK,NY,10027,750,7,51417190.86,50149.62606,
New York,724712,Store,A,HAMILTON HEIGHTS GROCERY INC,HAMILTON HEIGHTS GROCER,3422,BROADWAY,NA,NA,NEW YORK,NY,10031,800,7,51417190.86,50149.62606,
New York,745634,Store,JAC,FREEDOM DELI PLUS CORP,FREEDOM DELI PLUS,908,SAINT NICHOLAS AVE,NA,NA,NEW YORK,NY,10032,0,7,51417190.86,50149.62606,
New York,746864,Store,JAC,CAMILO ROSADO DELI GROCERY CORP,CAMILO ROSADO DELI GROC,2003,AMSTERDAM AVE,NA,NA,NEW YORK,NY,10032,2600,7,51417190.86,50149.62606,
New York,748183,Store,JAC,2M ASSOCIATES DISCOUNT STORE INC,2M ASSOCIATES DISCOUNT,1405,AMSTERDAM AVE,NA,NA,NEW YORK,NY,10027,1000,7,51417190.86,50149.62606,
New York,729991,Store,JAC,YELLOW BANANA DELI CORPORATION,YELLOW BANANA,1658,AMSTERDAM AVE,NA,NA,NEW YORK,NY,10031,450,7,51417190.86,50149.62606,
New York,628067,Store,A,DUANE READE ET AL PRTS,DUANE READE 14417,568-574,W 125TH ST,NA,NA,NEW YORK,NY,10027,9000,7,51417190.86,50149.62606,
New York,728569,Store,JAC,A.L. BROADWAY GROCERY CORP,A.L. BROADWAY GROCERY,3770,BROADWAY,NA,NA,NEW YORK,NY,10032,0,7,51417190.86,50149.62606,
New York,737928,Store,JAC,MORNINGSIDE DELI INC,MORNINGSIDE DELI,256,MANHATTEN AVE,NA,NA,NEW YORK,NY,10026,0,7,51417190.86,50149.62606,
New York,720146,Store,JAC,STAR ONE DELI AND SALAD BAR CORP,STAR ONE DELI SALAD BAR,1800,AMSTERDAM AVE.,NA,NA,NEW YORK,NY,10031,0,7,51417190.86,50149.62606,
New York,748904,Store,A,BROADWAY MART 2708 INC,BROADWAY MART,2708,BROADWAY,NA,NA,NEW YORK,NY,10025,2000,7,51417190.86,50149.62606,
New York,745362,Store,A,HEIGHTS GROCERY INC,HEIGHTS GROCERY,3801,BROADWAY,NA,NA,NEW YORK,NY,10032,1800,7,51417190.86,50149.62606,
New York,727236,Store,JAC,SEAFOOD KING FISH MARKET INC,SEAFOOD KING FISH MARKE,3903-3905,BROADWAY,NA,NA,NEW YORK,NY,10032,0,7,51417190.86,50149.62606,
New York,624595,Store,JAC,840 ST NICHOLAS FOOD CORP,840 ST NICHOLAS FD MKT,840,ST NICHOLAS AVE,NA,NA,NEW YORK,NY,10031,1700,7,51417190.86,50149.62606,
New York,726097,Store,JAC,1514 SMART GOURMET INC,1514 SMART GOURMET,1514,AMSTERDAM AVENUE,NA,NA,NEW YORK,NY,10031,1000,7,51417190.86,50149.62606,
New York,626294,Store,JAC,GANADA CORP,KIMS FISH MARKET,201,W 104TH ST,NA,NA,NEW YORK,NY,10025,600,7,51417190.86,50149.62606,
New York,625936,Store,JABC,NAMDOR INC,GRISTEDES 601,2704,BROADWAY,NA,NA,NEW YORK,NY,10025,17000,7,51417190.86,50149.62606,
New York,741559,Store,JAC,AVI DELI GROCERY INC,AVI DELI GROCERY,1954,AMSTERDAM AVE,NA,NA,NEW YORK,NY,10032,1800,7,51417190.86,50149.62606,
New York,743240,Store,A,HUDSON CANDY AND GROCERY CORP,HUDSON CANDY AND GROCER,600,W 161ST ST,NA,NA,NEW YORK,NY,10033,0,7,51417190.86,50149.62606,
New York,714684,Store,JAC,CHUBBY HUBBY DELI CORP,CHUBBY HUBBY DELI,3350,BROADWAY #5,NA,NA,NEW YORK,NY,10031,1500,7,51417190.86,50149.62606,
New York,737994,Store,A,BEST CANDY STORE INC,BEST CANDY STORE,3430,BROADWAY,NA,NA,NEW YORK,NY,10031,0,7,51417190.86,50149.62606,
New York,721123,Store,JAC,PELAEZ PRODUCE CORP,PELAEZ PRODUCE 1/17/201,3557,BROADWAY,NA,NA,NEW YORK,NY,10031,1500,7,51417190.86,50149.62606,
New York,735609,Store,A,BEST VALUE 99C CORP,BEST VALUE,1802,AMSTERDAM AVENUE,NA,NA,NEW YORK,NY,10031,1000,7,51417190.86,50149.62606,
New York,725306,Store,A,97 TOBACCO SHOP INC,97TOBACCO SHOP,2578,BROADWAY,NA,NA,NEW YORK,NY,10025,300,7,51417190.86,50149.62606,
New York,733796,Store,JAC,DIAZ MINI DELI GROCERY LLC,DIAZ MINI DELI,601A,WEST 144TH STREET,NA,NA,NEW YORK,NY,10031,0,7,51417190.86,50149.62606,
New York,727217,Store,JAC,WEST 96 DELI INC,WEST 96 DELI,214,WEST 96TH STREET,NA,NA,NEW YORK,NY,10025,0,7,51417190.86,50149.62606,
New York,627615,Store,JAC,FELO DELI GROCERY CORP,FELO DELI GROCERY,23,W 100TH ST,NA,NA,NEW YORK,NY,10025,1250,7,51417190.86,50149.62606,
New York,748702,Store,A,APTEKA RX INC,AMSTERDAM PHARMACY & SU,1743,AMSTERDAM AVE,NA,NA,NEW YORK,NY,10031,0,7,51417190.86,50149.62606,
New York,625184,Store,A,CVS ALBANY LLC,CVS PHARMACY 02360,743,AMSTERDAM AVE,NA,NA,NEW YORK,NY,10025,10000,7,51417190.86,50149.62606,
New York,731842,Store,A,3635 SILVER SADDLE DELI GROCERY I,3635 SILVER SADDLE DELI,3635,BROADWAY,NA,NA,NEW YORK,NY,10031,0,7,51417190.86,50149.62606,
New York,628834,Store,JAC,JOES GOURMET HEALTH DELI INC,JOES GOURMET HEALTH DEL,3161,BROADWAY,NA,NA,NEW YORK,NY,10027,1200,7,51417190.86,50149.62606,
New York,625111,Store,A,RITE AID OF NEW YORK INC,RITE AID PHARMACY 04189,741,COLUMBUS AVE,NA,NA,NEW YORK,NY,10025,1250,7,51417190.86,50149.62606,
New York,744365,Store,JAC,NY 1 GOURMET DELI CORP,NY 1 GOURMET DELI,1983,AMSTERDAM AVE,NA,NA,NEW YORK,NY,10032,2000,7,51417190.86,50149.62606,
New York,722672,Store,JAC,CARIBBEAN FRIEND FOOD CORP,CARIBBEAN FRIEND FOOD C,3462,BROADWAY,NA,NA,NEW YORK,NY,10031,0,7,51417190.86,50149.62606,
New York,717864,Store,JAC,BROAD FISH MARKET INC,BROAD FISH MARKET,3519,BROADWAY,NA,NA,NEW YORK,NY,10031,1600,7,51417190.86,50149.62606,
New York,738237,Store,A,ISARA MEXICAN TAQUERIA LLC,PUEBLO MAGICO GROCERY,500B,WEST 146TH STREET,NA,NA,NEW YORK,NY,10031,0,7,51417190.86,50149.62606,
New York,737279,Store,JAC,1 COLUMBIA DELI INC,1 COLUMBIA DELI,1290,AMSTERDAM AVE,NA,NA,NEW YORK,NY,10027,2000,7,51417190.86,50149.62606,
New York,625186,Store,JAC,BLUE AND WHITE MARKETS INC,MORTON WILLIAMS UNIVERS,2941,BROADWAY,NA,NA,NEW YORK,NY,10025,4000,7,51417190.86,50149.62606,
New York,738538,Store,JAC,MS ONE FISH MARKET INC,MS ONE FISH MARKET,2780,BROADWAY,NA,NA,NEW YORK,NY,10025,200,7,51417190.86,50149.62606,
New York,628211,Store,JAC,MANHATTAN GROCERY CORP,JUANA GROCERY,150,MANHATTAN AVE,NA,NA,NEW YORK,NY,10025,3000,7,51417190.86,50149.62606,
New York,721767,Store,JAC,GOLDEN DELI CORP,GOLDEN DELI,3377,BROADWAY,NA,NA,NEW YORK,NY,10031,0,7,51417190.86,50149.62606,
New York,733220,Store,JAC,SAM GOURMET DELI & GROCERY CORP,SAM GOURMET DELI & GROC,3459,BROADWAY,NA,NA,NEW YORK,NY,10031,0,7,51417190.86,50149.62606,
New York,702461,Store,A,3 STAR DELI GROCERY INC,3 STAR DELI GROCERY,1045,ST NICHOLAS AVE,NA,NA,NEW YORK,NY,10032,1100,7,51417190.86,50149.62606,
New York,725385,Store,A,125 FOOD MART INC,125TH ST FOOD MART,521,WEST 125TH STREET,NA,NA,NEW YORK,NY,10027,1800,7,51417190.86,50149.62606,
New York,733512,Store,JAC,360 DELI CORP,360 DELI,360,WEST 110TH STREET,NA,NA,NEW YORK,NY,10025,0,7,51417190.86,50149.62606,
New York,728851,Store,JAC,EDDY FOOD CENTER CORP,EDDY FOOD CENTER,2108,AMSTERDAM AVE,NA,NA,NEW YORK,NY,10032,1800,7,51417190.86,50149.62606,
New York,739662,Store,JAC,WESTSIDE FRUITS & VEGETABLES INC,WESTSIDE FRUITS & VEGET,900,AMSTERDAM AVENUE,NA,NA,NEW YORK,NY,10025,1000,7,51417190.86,50149.62606,
New York,729313,Store,A,AMERICAN DISCOUNT INC,AMERICAN DISCOUNT,2067,AMSTERDAM AVE,NA,NA,NEW YORK,NY,10032,0,7,51417190.86,50149.62606,
New York,744702,Store,JAC,SONS FRESH PRODUCE 2 INC,SONS FRESH MARKET,3349,BROADWAY,NA,NA,NEW YORK,NY,10031,1800,7,51417190.86,50149.62606,
New York,715960,Store,JAC,844 DELI GROCERY INC,844 DELI GROCERY,844,AMSTERDAM AVE,NA,NA,NEW YORK,NY,10025,0,7,51417190.86,50149.62606,
New York,736281,Store,JAC,ZZ DELI GROCERY CORP,ZZ DELI GROCERY,1753,AMSTERDAM AVE,NA,NA,NEW YORK,NY,10031,0,7,51417190.86,50149.62606,
New York,623155,Store,JAC,SUHAIL FADHL N,SUHAIL DELI&GROCERY,1536,AMSTERDAM AVE,NA,NA,NEW YORK,NY,10031,1500,7,51417190.86,50149.62606,
New York,705693,Store,JAC,ABC FOOD CENTER INC,PAPASITOS FOOD MARKET,3605,BROADWAY,NA,NA,NEW YORK,NY,10031,3000,7,51417190.86,50149.62606,
New York,626649,Store,JAC,3060 BROADWAY CORP,OLIVE TREE DELI,3060,BROADWAY,NA,NA,NEW YORK,NY,10027,1500,7,51417190.86,50149.62606,
New York,732757,Store,JAC,HANA MART COLUMBIA CORP,H MART,2828,BROADWAY,NA,NA,NEW YORK,NY,10025,6500,7,51417190.86,50149.62606,
New York,720361,Store,JAC,COLUMBIA DELI AND GRILL INC,COLUMBIA DELI AND GRILL,1348,AMSTERDAM AVENUE,NA,NA,NEW YORK,NY,10027,1000,7,51417190.86,50149.62606,
New York,628594,Store,A,2732 CONVENIENCE GROCERY CORP,2732 CONVENIENCE GROCER,2732,BROADWAY,NA,NA,NEW YORK,NY,10025,525,7,51417190.86,50149.62606,
New York,625300,Store,JAC,BETTER FRUIT INC,CENTRAL MARKETS,220,MANHATTAN AVE,NA,NA,NEW YORK,NY,10025,10000,7,51417190.86,50149.62606,
New York,748731,Store,JAC,159 CONVENIENCE CORP,159 CONVENIENCE CORP,1995,"AMSTERDAM AVE, STE 4",NA,NA,NEW YORK,NY,10032,1600,7,51417190.86,50149.62606,
New York,705810,Store,A,COMMUNITY CANDY CORP,COMMUNITY CANDY,3513,BROADWAY,NA,NA,NEW YORK,NY,10031,1200,7,51417190.86,50149.62606,
New York,719418,Store,JAC,453 HARLEM DELI CORP,453 HARLEM DELI,453,W 125TH STREET,NA,NA,NEW YORK,NY,10027,1500,7,51417190.86,50149.62606,
New York,733197,Store,JAC,BROADWAY FINEST DELI CORP,BROADWAY FINEST DELI,3620,BROADWAY,NA,NA,NEW YORK,NY,10031,0,7,51417190.86,50149.62606,
New York,739696,Store,JAC,ANTILLANA SUPERFOOD MEAT CORP,ANTILLANA SUPERFOOD MARKET,3900,BROADWAY,NA,NA,NEW YORK,NY,10032,0,7,51417190.86,50149.62606,
New York,726122,Store,JAC,467 STAR DELI INC,467 STAR DELI,467,W 125TH STREET,NA,NA,NEW YORK,NY,10027,1200,7,51417190.86,50149.62606,
New York,624218,Store,JAC,JOSE GROCERY CORP,JOSE DELI GROCERY,1881,AMSTERDAM AVE,NA,NA,NEW YORK,NY,10032,1600,7,51417190.86,50149.62606,
New York,738428,Store,JAC,DIVYA CONVENIENCE INC,DIVYA CONVENIENCE,934,AMSTERDAM AVE,NA,NA,NEW YORK,NY,10025,2000,7,51417190.86,50149.62606,
New York,717219,Store,JAC,O & B RANCH DELI GROCERY CORP,O & B RANCH DELI GROCER,559,W 158TH ST AKA 3800 BROADWAY,NA,NA,NEW YORK,NY,10032,1800,7,51417190.86,50149.62606,
New York,723864,Store,JAC,SUSHI MARU EXPRESS INC,SUSHI NARA EXPRESS,2941,BROADWAY (MORTON WILLIAMS),NA,NA,NEW YORK,NY,10025,75,7,51417190.86,50149.62606,
New York,625809,Store,A,ADIL ENTERPRISES INC,MOKE&NEWS,3189,BROADWAY,NA,NA,NEW YORK,NY,10027,2200,7,51417190.86,50149.62606,
New York,737259,Store,JAC,ITO INC,KIKKA@WHOLE FOODS UPPER,808,COLUMBUS AVE,NA,NA,NEW YORK,NY,10025,150,7,51417190.86,50149.62606,
New York,745702,Store,JAC,SAVORY FOOD & GRILL INC,SAVORY FOOD & GRILL,1814,AMSTERDAM AVE,NA,NA,NEW YORK,NY,10031,0,7,51417190.86,50149.62606,
New York,732132,Store,JAC,4 BROTHERS FOOD MARKET & DELI INC,4 BROTHERS FOOD MARKET,1712,AMSTERDAM AVE,NA,NA,NEW YORK,NY,10031,0,7,51417190.86,50149.62606,
New York,742695,Store,JAC,QUEZADAS JUICE BAR CORP,QUEZADA'S JUICE BAR,501,WEST 145TH STREET,NA,NA,NEW YORK,NY,10031,0,7,51417190.86,50149.62606,
New York,745422,Store,JAC,PAQUTERIA TULCINGO DIAMINTE 2 INC,PAQUTERIA,3480,BROADWAY,NA,NA,NEW YORK,NY,10031,1800,7,51417190.86,50149.62606,
New York,724493,Store,JAC,K & N STORES INC,7 ELEVEN STORE # 37539A,801,AMSTERDAM AVE,NA,NA,NEW YORK,NY,10025,0,7,51417190.86,50149.62606,
New York,628353,Store,JAC,194 MANHATTAN DELI INC,194 MANHATTAN DELI,194,"MANHATTAN AVE, AKA 17-19 W108",NA,NA,NEW YORK,NY,10025,1300,7,51417190.86,50149.62606,
New York,715934,Store,A,155TH STREET AUTO CENTER INC,155TH STREET AUTO CENTER,3740,BROADWAY,NA,NA,NEW YORK,NY,10032,1800,7,51417190.86,50149.62606,
New York,628232,Store,JACK,WHOLE FOODS MARKET GROUP INC,WHOLE FOODS MARKET,808,COLUMBUS AVE,NA,NA,NEW YORK,NY,10025,58000,7,51417190.86,50149.62606,
New York,624289,Store,JAC,NUVE MIGUEL CORP,KEY FOOD,755,AMSTERDAM AVE,NA,NA,NEW YORK,NY,10025,7500,7,51417190.86,50149.62606,
New York,624928,Store,JAC,LUNA BROTHERS INC,C TOWN,3632,BROADWAY,NA,NA,NEW YORK,NY,10031,18000,7,51417190.86,50149.62606,
New York,709892,Store,A,COLUMBIA SMOKE SHOP INC,COLUMBIA SMOKE SHOP,974,AMSTERDAM AVE,NA,NA,NEW YORK,NY,10025,1000,7,51417190.86,50149.62606,
New York,734019,Store,JAC,ELEGANZA GOURMET INC,ELEGANZA GOURMET,1,CONVENT AVE,NA,NA,NEW YORK,NY,10027,1500,7,51417190.86,50149.62606,
New York,720834,Store,JAC,KASSIM FOOD MARKET CORP,KASSIM FOOD MARKET,1795,AMSTERDAM AVE,NA,NA,NEW YORK,NY,10031,0,7,51417190.86,50149.62606,
New York,627880,Store,JAC,EL GALLO MEAT MARKET INC,COMPARE FOODS,538,W 138TH ST,NA,NA,NEW YORK,NY,10031,15000,7,51417190.86,50149.62606,
New York,741134,Store,JAC,1316 CORP,FOODTOWN,1316,AMSTERDAM AVENUE,NA,NA,NEW YORK,NY,10027,15000,7,51417190.86,50149.62606,
New York,718827,Store,JAC,COLUMBUS GROCERS LLC,FRESHYS DELI & GROCERY,941,COLUMBUS AVE,NA,NA,NEW YORK,NY,10025,1650,7,51417190.86,50149.62606,
New York,725095,Store,JAC,MANHATTAN VILLE DELI GOURMET INC,MANHATTAN VILLE DELI GO,1437,AMSTERDAM AVE,NA,NA,NEW YORK,NY,10027,0,7,51417190.86,50149.62606,
New York,626556,Store,A,DUANE READE ETAL PTRS,DUANE READE 14214,2760-62,BROADWAY,NA,NA,NEW YORK,NY,10025,7380,7,51417190.86,50149.62606,
New York,724020,Store,JAC,1532 AMSTERDAM FOOD CORP,1532 AMSTERDAM  FOOD,1532,AMSTERDAM AVE,NA,NA,NEW YORK,NY,10031,1800,7,51417190.86,50149.62606,
New York,710295,Store,JAC,501 DELI CORP,501 DELI,501,W 125TH ST,NA,NA,NEW YORK,NY,10027,2000,7,51417190.86,50149.62606,
New York,623190,Store,JAC,RIVERSIDE GOURMET MARKET INC,RIVERSIDE GOURMET MKT,3779,BROADWAY,NA,NA,NEW YORK,NY,10032,2000,7,51417190.86,50149.62606,
New York,729281,Store,JAC,SANTIAGO FOOD CENTER INC,SANTIAGO FOOD CENTER,3680,BROADWAY,NA,NA,NEW YORK,NY,10031,650,7,51417190.86,50149.62606,
New York,621526,Store,JAC,3484 BROADWAY MINI MARKET INC,3484 BROADWAY MINI MKT,3484,BROADWAY,NA,NA,NEW YORK,NY,10031,1800,7,51417190.86,50149.62606,
New York,748151,Store,JAC,MARCOS GROCERY & DELI INC,MARCOS GROCERY & DELI,900,RIVERSIDE DRIVE STORE #3,NA,NA,NEW YORK,NY,10032,0,7,51417190.86,50149.62606,
New York,732823,Store,JAC,SAEED DELI GROCERY CORP,SAEED DELI GROCERY,1734,AMSTERDAM AVENUE,NA,NA,NEW YORK,NY,10031,0,7,51417190.86,50149.62606,
New York,737204,Store,A,LD DOLLAR DEAL INC,LD DOLLAR,547,W 145TH ST,NA,NA,NEW YORK,NY,10031,1500,7,51417190.86,50149.62606,
New York,628746,Store,JAC,980 COLUMBUS FOOD CORP,RANCH DELI,980,COLUMBUS AVE,NA,NA,NEW YORK,NY,10025,1800,7,51417190.86,50149.62606,
New York,624631,Store,JAC,987 SUPERMARKET INC,LOS VECINOS MEAT MKT,987,AMSTERDAM AVE,NA,NA,NEW YORK,NY,10025,1500,7,51417190.86,50149.62606,
New York,747133,Store,JAC,TAFT 1 DELI CORP,TAFT 1 DELI,469,W. 157TH ST.,NA,NA,NEW YORK,NY,10032,2000,7,51417190.86,50149.62606,
New York,736995,Store,JAC,JAR DELI MARKET CORP,JAR DELI MARKET,501,W 134TH STREET,NA,NA,NEW YORK,NY,10031,0,7,51417190.86,50149.62606,
New York,627102,Store,JAC,560 WEST MEAT&PRODUCE CORP,C TOWN,560,W 125TH ST,NA,NA,NEW YORK,NY,10027,9000,7,51417190.86,50149.62606,
New York,728953,Store,JAC,LOS VECINOS MINI MARKET INC,LOS VECINOS MINI MARKET,3518,BROADWAY,NA,NA,NEW YORK,NY,10031,0,7,51417190.86,50149.62606,
New York,627530,Store,JABC,WS MARKETS LLC,WEST SIDE SUPERMARKETS,2840,BROADWAY,NA,NA,NEW YORK,NY,10025,20000,7,51417190.86,50149.62606,
New York,623254,Store,JAC,JKJ CORP,ASSOCIATED SUPERMARKET,13-15,W 100TH ST,NA,NA,NEW YORK,NY,10025,18000,7,51417190.86,50149.62606,
New York,722276,Store,JAC,GHANSHYAM 2 DELI & GROCERY INC,BROADWAY WHOLESOME FOOD,3578,BROADWAY,NA,NA,NEW YORK,NY,10031,0,7,51417190.86,50149.62606,
New York,629196,Store,JAC,3875 MH DELI GROCERY INC,3875 MH DELI GROCERY,3875,BROADWAY,NA,NA,NEW YORK,NY,10032,1200,7,51417190.86,50149.62606,
New York,731960,Store,JAC,HASSAN MUBARAK A,HOST DELI & GROCERY,880,AMSTERDAM AVENUE,NA,NA,NEW YORK,NY,10025,2000,7,51417190.86,50149.62606,
New York,739601,Store,A,AMSTERDAM 99C PLUS INC,AMSTERDAM 99C PLUS,912,AMSTERDAM AVE,NA,NA,NEW YORK,NY,10025,3000,7,51417190.86,50149.62606,
New York,721378,Store,JAC,MERCADITO DEL CIBAO CORP,MERCADITO GROCERY,3814,BROADWAY,NA,NA,NEW YORK,NY,10032,1500,7,51417190.86,50149.62606,
New York,748339,Store,JAC,SAVORY DELI & GROCERY 1 INC,SAVORY DELI & GROCERY 1,1840,AMSTERDAM AVE,NA,NA,NEW YORK,NY,10031,2000,7,51417190.86,50149.62606,
New York,711853,Store,JAC,HARLEM 421 FOOD CORP,KEY FOOD,421,W 125TH ST,NA,NA,NEW YORK,NY,10027,6400,7,51417190.86,50149.62606,
New York,629713,Store,JAC,JBV ENTERPRISES INC,LA BLANDA MEAT MARKET,3824,BROADWAY,NA,NA,NEW YORK,NY,10032,1500,7,51417190.86,50149.62606,
New York,748886,Store,A,CONVENIENCE AND CANDY CORP,CONVENIENCE AND CANDY,3550,BROADWAY,NA,NA,NEW YORK,NY,10031,1800,7,51417190.86,50149.62606,
New York,711239,Store,JAC,JACOB GOURMET FOOD INC,JACOB GOURMET FOOD,601,W 151ST ST,NA,NA,NEW YORK,NY,10031,2000,7,51417190.86,50149.62606,
New York,629498,Store,A,103RD ST 99 CENT CORP,A TO Z 99 CENT STORE,2686,BROADWAY,NA,NA,NEW YORK,NY,10025,1500,7,51417190.86,50149.62606,
New York,706422,Store,A,R B MART INC,DOLLAR MART,3848,BROADWAY,NA,NA,NEW YORK,NY,10032,1500,7,51417190.86,50149.62606,
New York,737349,Store,JAC,NUEZ DELI GROCERY CORP,NUEZ DELI GROCERY,1484,AMSTERDAM AVE,NA,NA,NEW YORK,NY,10031,0,7,51417190.86,50149.62606,
New York,742588,Store,JAC,SILVER MOON DELI INC,SILVER MOON DELI,3840,BROADWAY,NA,NA,NEW YORK,NY,10032,1800,7,51417190.86,50149.62606,
New York,721382,Store,A,UPPER WEST CANDY GROCERY INC,UPPER WEST CANDY GROCER,2618,BROADWAY,NA,NA,NEW YORK,NY,10025,0,7,51417190.86,50149.62606,
New York,717941,Store,JAC,LA FONDA DE LUISA CORP,THE MEXICAN CULTURE DELI,2017,AMSTERDAM AVE,NA,NA,NEW YORK,NY,10032,2400,7,51417190.86,50149.62606,
New York,702684,Store,JAC,BAHAMAS DELI CORP,BAHAMAS DELI,3137,BROADWAY,NA,NA,NEW YORK,NY,10027,1500,7,51417190.86,50149.62606,
New York,737629,Store,A,WEJDAN CANDY & GROCERY INC,WEJDAN CANDY & GROCERY,3890,BROADWAY,NA,NA,NEW YORK,NY,10032,1600,7,51417190.86,50149.62606,
New York,731926,Store,JAC,DYLANS DELICIOUS DELI GROCERY COR,DYLANS DELICIOUS DELI G,900,RIVERSIDE DRIVE,NA,NA,NEW YORK,NY,10032,0,7,51417190.86,50149.62606,
New York,624394,Store,JAC,MILANO MARKET INC,MILANO MARKET,2892,BROADWAY,NA,NA,NEW YORK,NY,10025,3000,7,51417190.86,50149.62606,
New York,620617,Store,JAC,SAMADS GOURMET INC,SAMADS GOURMET,2867,BROADWAY,NA,NA,NEW YORK,NY,10025,2500,7,51417190.86,50149.62606,
New York,718193,Store,JAC,COLUMBIA GOURMET DELI CORP,COULUMBIA GOURMET DELI,3905,BROADWAY,NA,NA,NEW YORK,NY,10032,1800,7,51417190.86,50149.62606,
New York,718382,Store,JAC,MANHATTANVILLE DELI CORP,MANHATTANVILLE DELI,1413,AMSTERDAM AVE,NA,NA,NEW YORK,NY,10027,0,7,51417190.86,50149.62606,
New York,627088,Store,JAC,91 CATHERINE GROCERY CORP,91 CATHERINE GROCERY,91,HAMILTON PL,NA,NA,NEW YORK,NY,10031,1500,7,51417190.86,50149.62606,
New York,749039,Store,JAC,3345 BROADWAY DELI & GROCERY INC,3345 BROADWAY DELI & GR,3345,BROADWAY,NA,NA,NEW YORK,NY,10031,2200,7,51417190.86,50149.62606,
New York,724956,Store,A,101 SMOKE SHOP CORP,101 SMOKE SHOP,2660,BROADWAY,NA,NA,NEW YORK,NY,10025,850,7,51417190.86,50149.62606,
New York,745041,Store,JAC,NADAL'S DELI CORP,NADAL'S DELI,3399,BROADWAY STORE 3,NA,NA,NEW YORK,NY,10031,0,7,51417190.86,50149.62606,
New York,621015,Store,JAC,3011 GROCERY INC,C TOWN,3320,BROADWAY,NA,NA,NEW YORK,NY,10031,20000,7,51417190.86,50149.62606,
New York,708796,Store,JAC,KING MEAT CORP,SHOP FAIR,3871,BROADWAY,NA,NA,NEW YORK,NY,10032,15000,7,51417190.86,50149.62606,
New York,731587,Store,JAC,GREAT NEWS CORP,GREAT NEWS,2941,BROADWAY,NA,NA,NEW YORK,NY,10025,0,7,51417190.86,50149.62606,
New York,741584,Store,JAC,NEW DELI 1 CORP,NEW DELI 1,3660,BROADWAY,NA,NA,NEW YORK,NY,10031,2000,7,51417190.86,50149.62606,
New York,748699,Store,A,UPPER MANHATTAN PHARMA INC,UPPER MANHATTAN PHARMACY,1728,AMSTERDAM AVE,NA,NA,NEW YORK,NY,10031,0,7,51417190.86,50149.62606,
New York,626558,Store,A,DUANE READE ETAL PTRS,DUANE READE 14225,2864,BROADWAY,NA,NA,NEW YORK,NY,10025,6760,7,51417190.86,50149.62606,
New York,721538,Store,JAC,JOES GOURMET DELI INC,JOES GOURMET DELI,920,COLUMBUS AVENUE,NA,NA,NEW YORK,NY,10025,600,7,51417190.86,50149.62606,
New York,627132,Store,A,1967 99 CENTS & DISCOUNT INC,99 CENTS & DISCOUNT,1967,AMSTERDAM,NA,NA,NEW YORK,NY,10032,2500,7,51417190.86,50149.62606,