,County,License.Number,Operation.Type,Establishment.Type,Entity.Name,DBA.Name,Street.Number,Street.Name,Address.Line.2,Address.Line.3,City,State,Zip.Code,Square.Footage,coun_dist,shape_area,shape_leng,grocery
0,New York,627413,Store,A,DOLLAR VARIETY STORE INC,DOLLAR VARIETY STORE,762,AMSTERDAM AVE,,,NEW YORK,NY,10025,1800,7,51417190.86,50149.62606,False
1,New York,717156,Store,JAC,GALAXY GOURMET INC,GALAXY GOURMET,3778,BROADWAY,,,NEW YORK,NY,10032,2000,7,51417190.86,50149.62606,False
2,New York,622503,Store,JAC,3550 FOOD CORP,KEY FOOD SUPERMARKET,3550,BROADWAY,,,NEW YORK,NY,10031,15000,7,51417190.86,50149.62606,True
3,New York,739966,Store,JAC,FINEST COLUMBIA DELI INC,FINEST COLUMBIA DELI,945,AMSTERDAM AVE,,,NEW YORK,NY,10025,2000,7,51417190.86,50149.62606,False
4,New York,628824,Store,JAC,SANTIAGO DELI FOOD CORP,SANTIAGO DELI FOOD,3415,BROADWAY,,,NEW YORK,NY,10031,1600,7,51417190.86,50149.62606,False
5,New York,739952,Store,JAC,MANHATTEN AVENUE COMMUNITY CAFE I,MANHATTEN AVE COMMUNITY,51,WEST 106TH STREET,,,NEW YORK,NY,10025,0,7,51417190.86,50149.62606,True
6,New York,725281,Store,A,ABC MART NC,ABC MART,3505,BROADWAY,,,NEW YORK,NY,10031,2000,7,51417190.86,50149.62606,False
7,New York,629213,Store,JAC,DDY MINI MARKET & DELI CORP,DDY MINI MARKET & DELI,955,AMSTERDAM AVE,,,NEW YORK,NY,10025,1800,7,51417190.86,50149.62606,True
8,New York,713271,Store,JAC,FREEDOM DELI #2 CORP,FREEDOM DELI #2,908,ST. NICHOLAS AVE,,,NEW YORK,NY,10032,1800,7,51417190.86,50149.62606,False
9,New York,738688,Store,JAC,3872 ENG DELI GROCERY LLC,3872 ENG DELI,3872,BROADWAY,,,NEW YORK,NY,10032,2000,7,51417190.86,50149.62606,False
10,New York,742768,Store,JAC,HB DELI GROCERY CORP,HB DELI GROCERY,3787A,BROADWAY,,,NEW YORK,NY,10032,1800,7,51417190.86,50149.62606,True
11,New York,731962,Store,JAC,HEIGHTS DELI FOODS INC THE,HEIGHTS DELI FOODS,1649,AMSTERDAM AVENUE,,,NEW YORK,NY,10031,0,7,51417190.86,50149.62606,False
12,New York,740014,Store,JAC,NY HARVEST TRADING INC,EVERFRESH SUSHI,2840,BROADWAY,,,NEW YORK,NY,10025,0,7,51417190.86,50149.62606,True
13,New York,742988,Store,A,164 ST DELI GROCERY INC,164 ST DELI GROCERY,2097,AMSTERDAM AVE,,,NEW YORK,NY,10032,1600,7,51417190.86,50149.62606,False
14,New York,725353,Store,JAC,BIG APPLE SMOKE SHOP & ORGANIC CO,BIG APPLE SMOKE SHOP,3542,BROADWAY,,,NEW YORK,NY,10031,1500,7,51417190.86,50149.62606,False
15,New York,626825,Store,JAC,HENRIQUEZ MIGUEL,HENRIQUEZ GROCERY STORE,500,W 135TH ST,,,NEW YORK,NY,10031,1200,7,51417190.86,50149.62606,True
16,New York,741447,Store,JAC,3805 FRESH MARKET CORP,MET FRESH ORGANIC SUPER,3805,BROADWAY,,,NEW YORK,NY,10032,0,7,51417190.86,50149.62606,True
17,New York,748198,Store,A,GOLDEN EARTH CANDY INC,GOLDEN EARTH CANDY,3635,BROADWAY,,,NEW YORK,NY,10031,0,7,51417190.86,50149.62606,False
18,New York,705291,Store,A,BEST GOURMET DELI GROCERY INC,BEST GOURMET DELI GROCE,896,AMSTERDAM AVE,,,NEW YORK,NY,10025,800,7,51417190.86,50149.62606,False
19,New York,709567,Store,JAC,ELLINGTON DELI INC,ELLINGTON DELI,934,COLUMBUS AVE,,,NEW YORK,NY,10025,2200,7,51417190.86,50149.62606,False
20,New York,726077,Store,A,MINI STAR CONVENIENCE CORP,MINI STAR,3611,BROADWAY,,,NEW YORK,NY,10031,1600,7,51417190.86,50149.62606,False
21,New York,724018,Store,JAC,2038 AMSTERDAM GROCERY & TOBACCO,2038 AMSTERDAM GROCERY,2038,AMSTERDAM AVENUE,,,NEW YORK,NY,10032,2000,7,51417190.86,50149.62606,True
22,New York,629399,Store,A,DUANE READE LLP,WALGREENS #14489,3387,BROADWAY,,,NEW YORK,NY,10031,0,7,51417190.86,50149.62606,False
23,New York,746994,Store,JAC,NEW AMSTERDAM GOURMET DELI CORP,NEW AMSTERDAM GOURMET,1681,AMSTERDAM AVENUE,,,NEW YORK,NY,10031,1800,7,51417190.86,50149.62606,False
24,New York,621480,Store,JAC,REYES JUAN MANUEL,MANUELS GROCERY,3675,BROADWAY,,,NEW YORK,NY,10031,2100,7,51417190.86,50149.62606,True
25,New York,716562,Store,JAC,162 GOURMET DELI CORP,162 GOURMET DELI,601,"WEST 162ND ST, STORE 3",,,NEW YORK,NY,10032,2000,7,51417190.86,50149.62606,False
26,New York,628759,Store,JAC,FRUTERA EL BUEN CAMINO CORP,FRUTERA EL BUEN CAMINO,3888,BROADWAY,,,NEW YORK,NY,10032,300,7,51417190.86,50149.62606,True
27,New York,719384,Store,JAC,ZUNIGA LUIS ENRIQUE&SUQUINAGUA CA,AMSTERDAM FRESH STORE,1701,AMSTERDAM AVE STORE #4C,,,NEW YORK,NY,10031,0,7,51417190.86,50149.62606,True
28,New York,624559,Store,JAC,SUPER VALUE MEAT MARKET CORP,SUPER VALUE MEAT MARKET,3461,BROADWAY,,,NEW YORK,NY,10031,3000,7,51417190.86,50149.62606,False
29,New York,732818,Store,A,F DOUGLASS 99 CENTS & UP INC,F DOUGLASS 99 CENTS,850,A AMSTERDAM AVENUE,,,NEW YORK,NY,10025,0,7,51417190.86,50149.62606,False
30,New York,745013,Store,A,UNIQUE 99 CENT MORE OR LESS CORP,UNIQUE 99 CENT MORE OR,3427,BRAODWAY,,,NEW YORK,NY,10031,1800,7,51417190.86,50149.62606,False
31,New York,737631,Store,A,NYC ONE MINI MARKET FOOD CORP,NYC ONE,1995,AMSTERDAM AVE,,,NEW YORK,NY,10032,1800,7,51417190.86,50149.62606,False
32,New York,739644,Store,A,HAFEEZ CANDY GROCERY INC,HAFEEZ CANDY STORE,3895,BROADWAY,,,NEW YORK,NY,10032,1000,7,51417190.86,50149.62606,False
33,New York,743915,Store,A,946 COLUMBUS AVE LLC,946 COLUMBUS AVE CONV,946,COLUMBUS AVE,,,NEW YORK,NY,10025,100,7,51417190.86,50149.62606,False
34,New York,748864,Store,JAC,TSOM CORP,TSOM,1239,"AMSTERDAM AVENUE, IN MASAWA",,,NEW YORK,NY,10027,200,7,51417190.86,50149.62606,True
35,New York,717422,Store,JAC,105 DELI & GRILL INC,105 DELI & GRILL,922,AMSTERDAM AVE,,,NEW YORK,NY,10025,1000,7,51417190.86,50149.62606,False
36,New York,726907,Store,A,TOURE SIDI M,TOURE SIDI M,905,COLUMBUS AVE,,,NEW YORK,NY,10025,400,7,51417190.86,50149.62606,False
37,New York,745507,Store,JAC,FAMILIA FRUIT MARKET CORP,FAMILIA FRUIT MARKET,3430,BROADWAY,,,NEW YORK,NY,10031,1500,7,51417190.86,50149.62606,True
38,New York,628571,Store,JAC,1836 AMSTERDAM MINIMARKET CORP,1836 AMSTERDAM MINIMKT,1836,AMSTERDAM AVE,,,NEW YORK,NY,10031,1500,7,51417190.86,50149.62606,True
39,New York,745037,Store,JAC,PRESPYTERIAN DELI CORP,PRESPYTERIAN DELI,1083,ST. NICHOLAS AVE,,,NEW YORK,NY,10032,2000,7,51417190.86,50149.62606,False
40,New York,734286,Store,JAC,MI BANDERA GROCERIES & MEATS INC,MI BANDERA GROCERIES &,1045,ST NICHOLAS AVE,,,NEW YORK,NY,10032,2200,7,51417190.86,50149.62606,True
41,New York,628832,Store,JAC,ARCHIE GROCERY CORP,ARCHIE GROCERY,1061,SAINT NICHOLAS AVE,,,NEW YORK,NY,10032,1500,7,51417190.86,50149.62606,True
42,New York,741608,Store,JAC,MANHATTANVILLE GOURMET DELI 2 INC,MANHATTANVILLE GOURMET,1477,AMSTERDAM AVE,,,NEW YORK,NY,10027,0,7,51417190.86,50149.62606,False
43,New York,629976,Store,JAC,LAM SUPERMARKET CORP,APPLE TREE MARKET,1225,AMSTERDAM AVE,,,NEW YORK,NY,10027,4700,7,51417190.86,50149.62606,True
44,New York,626486,Store,JAC,145 DELI&GROCERY INC,145 DELI&GROCERY,1717,AMSTERDAM AVE,,,NEW YORK,NY,10031,1000,7,51417190.86,50149.62606,True
45,New York,735661,Store,A,142 GROCERY AND TOBACCO INC,142 GROCERY AND TOBACCO,3475,BROADWAY,,,NEW YORK,NY,10031,0,7,51417190.86,50149.62606,False
46,New York,739745,Store,JAC,DE LA CRUZ RIVERA EVA,RIVERA FRUITS & VEGETAB,2011,AMSTERDAM AVE,,,NEW YORK,NY,10032,0,7,51417190.86,50149.62606,True
47,New York,733022,Store,JAC,JP 144 GROCERY CORP,JP 144 GROCERY,1700,AMSTERDAM AVE,,,NEW YORK,NY,10031,0,7,51417190.86,50149.62606,True
48,New York,744792,Store,JAC,AZIZ DELI CORP,AZIZ DELI,3448,BROADWAY,,,NEW YORK,NY,10031,1800,7,51417190.86,50149.62606,False
49,New York,713257,Store,JAC,BIG FARM MEX PRODUCE INC,BIG FARM MEX PRODUCE,2100,AMSTERDAM AVE STORE 1,,,NEW YORK,NY,10032,1800,7,51417190.86,50149.62606,True
50,New York,626855,Store,JAC,HAMILTON CORNER MEAT MARKET INC,HAMILTON MEAT MARKET,1,HAMILTON PLACE,,,NEW YORK,NY,10031,1800,7,51417190.86,50149.62606,False
51,New York,627578,Store,JAC,THRIFTY DELI SUPERMARKET CORP,THRIFTY DELI SPRMKT,3149,BROADWAY,,,NEW YORK,NY,10027,3500,7,51417190.86,50149.62606,True
52,New York,725960,Store,JAC,PLATON RICARDO CHINO,RICKY FRUITS VEGETABLES,3804,BROADWAY,,,NEW YORK,NY,10032,1200,7,51417190.86,50149.62606,True
53,New York,722668,Store,A,WASHINGTON HEIGHT GROCERY INC,WASHINGTON HEIGHT GROCE,2011C,AMSTERDAM AVE,,,NEW YORK,NY,10032,1200,7,51417190.86,50149.62606,False
54,New York,625757,Store,JAC,BROADWAY SPECIALTY FOODS INC,GARDEN OF EDEN,2780,BROADWAY,,,NEW YORK,NY,10025,4300,7,51417190.86,50149.62606,True
55,New York,745315,Store,JAC,KING WEST DELI INC,KING WEST DELI,62,MANHATTAN AVE,,,NEW YORK,NY,10025,1000,7,51417190.86,50149.62606,False
56,New York,731696,Store,JAC,LUNA DELI INC,LUNA DELI,3494,BROADWAY,,,NEW YORK,NY,10031,0,7,51417190.86,50149.62606,False
57,New York,710634,Store,JAC,LEDESMA AMARILIS A,AMOR DELI GROCERY,21,CONVENT AVE,,,NEW YORK,NY,10027,600,7,51417190.86,50149.62606,True
58,New York,735972,Store,JAC,RED OLIVE DELI INC,RED OLIVE DELI,567,W 125TH STREET,,,NEW YORK,NY,10027,942,7,51417190.86,50149.62606,False
59,New York,720987,Store,JAC,EASY 602 FOOD CORP,EASY 602 FOOD,3371,BROADWAY,,,NEW YORK,NY,10031,0,7,51417190.86,50149.62606,True
60,New York,748842,Store,A,GB LICENSE LLC,GOPUFF (BROADWAY),2680,BROADWAY,,,NEW YORK,NY,10025,5000,7,51417190.86,50149.62606,False
61,New York,744642,Store,JAC,EVERGREEN MOE INC,EVERGREEN MOE,600,W 160TH STREET,,,NEW YORK,NY,10032,0,7,51417190.86,50149.62606,True
62,New York,739698,Store,JAC,AMEEN DELI CORP,AMEEN DELI,1776,AMSTERDAM AVE,,,NEW YORK,NY,10031,0,7,51417190.86,50149.62606,False
63,New York,729037,Store,JAC,TWO RIVERS DELI-GROCERY CORP,TWO RIVERS DELI-GROCERY,1948,AMSTERDAM AVE,,,NEW YORK,NY,10032,0,7,51417190.86,50149.62606,True
64,New York,627443,Store,A,ALPHAYA 99 CENT STORE PLUS CORP,ALPHAYA 99,1405,AMSTERDAM AVE,,,NEW YORK,NY,10027,2500,7,51417190.86,50149.62606,False
65,New York,744367,Store,JAC,BROADWAY GOURMET DELI 1 CORP,BROADWAY GOURMET,3750,BROADWAY,,,NEW YORK,NY,10032,2000,7,51417190.86,50149.62606,False
66,New York,715091,Store,JAC,109 SPICY GOURMET DELI INC,109 SPICY GOURMET DELI,990,AMSTERDAM AVE,,,NEW YORK,NY,10025,1200,7,51417190.86,50149.62606,False
67,New York,624697,Store,A,SOLIS VICENTE ANGEL,YUCA MEXICAN PRODUCE &,1345-9,AMSTERDAM AVE,,,NEW YORK,NY,10027,600,7,51417190.86,50149.62606,False
68,New York,625119,Store,A,RITE AID OF NEW YORK INC,RITE AID PHARMACY 04185,3539,BROADWAY,,,NEW YORK,NY,10031,6000,7,51417190.86,50149.62606,False
69,New York,722576,Store,JAC,LOS AMIGOS FOOD CORP,LOS AMIGOS FOOD,1055,ST NICHOLAS AVE,,,NEW YORK,NY,10032,1800,7,51417190.86,50149.62606,True
70,New York,628323,Store,A,BIG EMPIRE INC,99 CENTS & UP NYC,921,COLUMBUS AVE,,,NEW YORK,NY,10025,2800,7,51417190.86,50149.62606,False
71,New York,705011,Store,JAC,GRAB & GO GOURMET DELI INC,GRAB & GO GOURMET DELI,3920,BROADWAY STORE 1,,,NEW YORK,NY,10032,2800,7,51417190.86,50149.62606,False
72,New York,717698,Store,JAC,ST PHILOPATER MARCURIUS INC,RANCH DELI,856,AMSTERDAM AVE,,,NEW YORK,NY,10025,9000,7,51417190.86,50149.62606,False
73,New York,732893,Store,A,CVS ALBANY LLC,CVS PHARMACY # 11075,2833,BROADWAY,,,NEW YORK,NY,10025,0,7,51417190.86,50149.62606,False
74,New York,625528,Store,A,RITE AID OF NEW YORK INC,RITE AID 7759,1033,ST NICHOLAS AVE,,,NEW YORK,NY,10032,5000,7,51417190.86,50149.62606,False
75,New York,729139,Store,JAC,MANHATTAN SEAFOOD INC,MANHATTAN SEAFOOD,3344,BROADWAY,,,NEW YORK,NY,10031,0,7,51417190.86,50149.62606,False
76,New York,742939,Store,JAC,COLUMBIA 1 MARKET INC,COLUMBIA 1 MARKET,20,OLD BROADWAY,,,NEW YORK,NY,10027,0,7,51417190.86,50149.62606,True
77,New York,732926,Store,JAC,KING COLUMBUS GOURMET DELI INC,KING COLUMBUS GOURMET D,900,COLUMBUS AVE,,,NEW YORK,NY,10025,750,7,51417190.86,50149.62606,False
78,New York,734079,Store,JAC,GALLARDO MINIMARKET CORP,GALLARDO MINIMARKET,3478,BROADWAY,,,NEW YORK,NY,10031,1800,7,51417190.86,50149.62606,True
79,New York,628893,Store,JAC,J&F MEAT MARKET CORP,J&F MEAT MARKET,1975,AMSTERDAM AVE,,,NEW YORK,NY,10032,3600,7,51417190.86,50149.62606,False
80,New York,718558,Store,JAC,2002 BROTHER DELI GROCERY NY CORP,2002 BROTHER DELI GROCE,507,159TH STREET,,,NEW YORK,NY,10032,2400,7,51417190.86,50149.62606,True
81,New York,625298,Store,JAC,LAMICH CORP,MONDEL CHOCOLATES,2913,BROADWAY,,,NEW YORK,NY,10025,1000,7,51417190.86,50149.62606,False
82,New York,625670,Store,JAC,901 COLUMBUS DELI CORP,901 COLUMBUS DELI,901,COLUMBUS AVE,,,NEW YORK,NY,10025,1600,7,51417190.86,50149.62606,False
83,New York,725709,Store,JAC,YDHNY INC,YDHNY SEAFOOD,600,W 160TH STREET,,,NEW YORK,NY,10032,300,7,51417190.86,50149.62606,False
84,New York,723963,Store,JAC,3821 FOOD CORP,SUPER FOOD TOWN,600,WEST 160TH STREET,,,NEW YORK,NY,10032,0,7,51417190.86,50149.62606,True
85,New York,724148,Store,JAC,WEST PARK DELI INC,WEST PARK DELI,19,W 103RD ST,,,NEW YORK,NY,10025,1000,7,51417190.86,50149.62606,False
86,New York,741994,Store,JAC,528 SUGAR HILL GOURMET DELI CORP,528 SUGAR HILL GOURMET,528,WEST 145TH ST,,,NEW YORK,NY,10031,2000,7,51417190.86,50149.62606,False
87,New York,737409,Store,A,HAIDERAH CANDY AND GROCERY CORP,HAIDERAH CANDY,561,WEST 145TH STREET,,,NEW YORK,NY,10031,500,7,51417190.86,50149.62606,False
88,New York,735024,Store,A,CVS ALBANY LLC,CVS/PHARMACY #10827,3536,BROADWAY,,,NEW YORK,NY,10031,0,7,51417190.86,50149.62606,False
89,New York,746172,Store,JAC,ELLINGTON DELI DELI CORP THE,THE ELLINGTON DELI DELI,934,COLUMBUS AVE,,,NEW YORK,NY,10025,0,7,51417190.86,50149.62606,False
90,New York,626943,Store,JAC,RANCHOS FOOD CORP,COLUMBUS FOODMARKET,71-81,W 104TH ST,,,NEW YORK,NY,10025,10000,7,51417190.86,50149.62606,True
91,New York,628382,Store,JAC,MARTE WILLIAM,KSY MINI MARKET,996,AMSTERDAM AVE,,,NEW YORK,NY,10025,4000,7,51417190.86,50149.62606,True
92,New York,748700,Store,A,MISHKINS PHARMA LLC,MISHKINS PHARMACY,1714,AMSTERDAM AVE,,,NEW YORK,NY,10031,0,7,51417190.86,50149.62606,False
93,New York,629375,Store,JAC,GOALS SERVICE STATION INC,SHELL GAS,3260,BROADWAY,,,NEW YORK,NY,10027,750,7,51417190.86,50149.62606,False
94,New York,724712,Store,A,HAMILTON HEIGHTS GROCERY INC,HAMILTON HEIGHTS GROCER,3422,BROADWAY,,,NEW YORK,NY,10031,800,7,51417190.86,50149.62606,False
95,New York,745634,Store,JAC,FREEDOM DELI PLUS CORP,FREEDOM DELI PLUS,908,SAINT NICHOLAS AVE,,,NEW YORK,NY,10032,0,7,51417190.86,50149.62606,False
96,New York,746864,Store,JAC,CAMILO ROSADO DELI GROCERY CORP,CAMILO ROSADO DELI GROC,2003,AMSTERDAM AVE,,,NEW YORK,NY,10032,2600,7,51417190.86,50149.62606,True
97,New York,748183,Store,JAC,2M ASSOCIATES DISCOUNT STORE INC,2M ASSOCIATES DISCOUNT,1405,AMSTERDAM AVE,,,NEW YORK,NY,10027,1000,7,51417190.86,50149.62606,False
98,New York,729991,Store,JAC,YELLOW BANANA DELI CORPORATION,YELLOW BANANA,1658,AMSTERDAM AVE,,,NEW YORK,NY,10031,450,7,51417190.86,50149.62606,False
99,New York,628067,Store,A,DUANE READE ET AL PRTS,DUANE READE 14417,568-574,W 125TH ST,,,NEW YORK,NY,10027,9000,7,51417190.86,50149.62606,False
100,New York,728569,Store,JAC,A.L. BROADWAY GROCERY CORP,A.L. BROADWAY GROCERY,3770,BROADWAY,,,NEW YORK,NY,10032,0,7,51417190.86,50149.62606,True
101,New York,737928,Store,JAC,MORNINGSIDE DELI INC,MORNINGSIDE DELI,256,MANHATTEN AVE,,,NEW YORK,NY,10026,0,7,51417190.86,50149.62606,False
102,New York,720146,Store,JAC,STAR ONE DELI AND SALAD BAR CORP,STAR ONE DELI SALAD BAR,1800,AMSTERDAM AVE.,,,NEW YORK,NY,10031,0,7,51417190.86,50149.62606,False
103,New York,748904,Store,A,BROADWAY MART 2708 INC,BROADWAY MART,2708,BROADWAY,,,NEW YORK,NY,10025,2000,7,51417190.86,50149.62606,False
104,New York,745362,Store,A,HEIGHTS GROCERY INC,HEIGHTS GROCERY,3801,BROADWAY,,,NEW YORK,NY,10032,1800,7,51417190.86,50149.62606,False
105,New York,727236,Store,JAC,SEAFOOD KING FISH MARKET INC,SEAFOOD KING FISH MARKE,3903-3905,BROADWAY,,,NEW YORK,NY,10032,0,7,51417190.86,50149.62606,False
106,New York,624595,Store,JAC,840 ST NICHOLAS FOOD CORP,840 ST NICHOLAS FD MKT,840,ST NICHOLAS AVE,,,NEW YORK,NY,10031,1700,7,51417190.86,50149.62606,True
107,New York,726097,Store,JAC,1514 SMART GOURMET INC,1514 SMART GOURMET,1514,AMSTERDAM AVENUE,,,NEW YORK,NY,10031,1000,7,51417190.86,50149.62606,False
108,New York,626294,Store,JAC,GANADA CORP,KIMS FISH MARKET,201,W 104TH ST,,,NEW YORK,NY,10025,600,7,51417190.86,50149.62606,False
109,New York,625936,Store,JABC,NAMDOR INC,GRISTEDES 601,2704,BROADWAY,,,NEW YORK,NY,10025,17000,7,51417190.86,50149.62606,True
110,New York,741559,Store,JAC,AVI DELI GROCERY INC,AVI DELI GROCERY,1954,AMSTERDAM AVE,,,NEW YORK,NY,10032,1800,7,51417190.86,50149.62606,True
111,New York,743240,Store,A,HUDSON CANDY AND GROCERY CORP,HUDSON CANDY AND GROCER,600,W 161ST ST,,,NEW YORK,NY,10033,0,7,51417190.86,50149.62606,False
112,New York,714684,Store,JAC,CHUBBY HUBBY DELI CORP,CHUBBY HUBBY DELI,3350,BROADWAY #5,,,NEW YORK,NY,10031,1500,7,51417190.86,50149.62606,False
113,New York,737994,Store,A,BEST CANDY STORE INC,BEST CANDY STORE,3430,BROADWAY,,,NEW YORK,NY,10031,0,7,51417190.86,50149.62606,False
114,New York,721123,Store,JAC,PELAEZ PRODUCE CORP,PELAEZ PRODUCE 1/17/201,3557,BROADWAY,,,NEW YORK,NY,10031,1500,7,51417190.86,50149.62606,True
115,New York,735609,Store,A,BEST VALUE 99C CORP,BEST VALUE,1802,AMSTERDAM AVENUE,,,NEW YORK,NY,10031,1000,7,51417190.86,50149.62606,False
116,New York,725306,Store,A,97 TOBACCO SHOP INC,97TOBACCO SHOP,2578,BROADWAY,,,NEW YORK,NY,10025,300,7,51417190.86,50149.62606,False
117,New York,733796,Store,JAC,DIAZ MINI DELI GROCERY LLC,DIAZ MINI DELI,601A,WEST 144TH STREET,,,NEW YORK,NY,10031,0,7,51417190.86,50149.62606,False
118,New York,727217,Store,JAC,WEST 96 DELI INC,WEST 96 DELI,214,WEST 96TH STREET,,,NEW YORK,NY,10025,0,7,51417190.86,50149.62606,False
119,New York,627615,Store,JAC,FELO DELI GROCERY CORP,FELO DELI GROCERY,23,W 100TH ST,,,NEW YORK,NY,10025,1250,7,51417190.86,50149.62606,True
120,New York,748702,Store,A,APTEKA RX INC,AMSTERDAM PHARMACY & SU,1743,AMSTERDAM AVE,,,NEW YORK,NY,10031,0,7,51417190.86,50149.62606,False
121,New York,625184,Store,A,CVS ALBANY LLC,CVS PHARMACY 02360,743,AMSTERDAM AVE,,,NEW YORK,NY,10025,10000,7,51417190.86,50149.62606,False
122,New York,731842,Store,A,3635 SILVER SADDLE DELI GROCERY I,3635 SILVER SADDLE DELI,3635,BROADWAY,,,NEW YORK,NY,10031,0,7,51417190.86,50149.62606,False
123,New York,628834,Store,JAC,JOES GOURMET HEALTH DELI INC,JOES GOURMET HEALTH DEL,3161,BROADWAY,,,NEW YORK,NY,10027,1200,7,51417190.86,50149.62606,False
124,New York,625111,Store,A,RITE AID OF NEW YORK INC,RITE AID PHARMACY 04189,741,COLUMBUS AVE,,,NEW YORK,NY,10025,1250,7,51417190.86,50149.62606,False
125,New York,744365,Store,JAC,NY 1 GOURMET DELI CORP,NY 1 GOURMET DELI,1983,AMSTERDAM AVE,,,NEW YORK,NY,10032,2000,7,51417190.86,50149.62606,False
126,New York,722672,Store,JAC,CARIBBEAN FRIEND FOOD CORP,CARIBBEAN FRIEND FOOD C,3462,BROADWAY,,,NEW YORK,NY,10031,0,7,51417190.86,50149.62606,True
127,New York,717864,Store,JAC,BROAD FISH MARKET INC,BROAD FISH MARKET,3519,BROADWAY,,,NEW YORK,NY,10031,1600,7,51417190.86,50149.62606,False
128,New York,738237,Store,A,ISARA MEXICAN TAQUERIA LLC,PUEBLO MAGICO GROCERY,500B,WEST 146TH STREET,,,NEW YORK,NY,10031,0,7,51417190.86,50149.62606,False
129,New York,737279,Store,JAC,1 COLUMBIA DELI INC,1 COLUMBIA DELI,1290,AMSTERDAM AVE,,,NEW YORK,NY,10027,2000,7,51417190.86,50149.62606,False
130,New York,625186,Store,JAC,BLUE AND WHITE MARKETS INC,MORTON WILLIAMS UNIVERS,2941,BROADWAY,,,NEW YORK,NY,10025,4000,7,51417190.86,50149.62606,True
131,New York,738538,Store,JAC,MS ONE FISH MARKET INC,MS ONE FISH MARKET,2780,BROADWAY,,,NEW YORK,NY,10025,200,7,51417190.86,50149.62606,False
132,New York,628211,Store,JAC,MANHATTAN GROCERY CORP,JUANA GROCERY,150,MANHATTAN AVE,,,NEW YORK,NY,10025,3000,7,51417190.86,50149.62606,True
133,New York,721767,Store,JAC,GOLDEN DELI CORP,GOLDEN DELI,3377,BROADWAY,,,NEW YORK,NY,10031,0,7,51417190.86,50149.62606,False
134,New York,733220,Store,JAC,SAM GOURMET DELI & GROCERY CORP,SAM GOURMET DELI & GROC,3459,BROADWAY,,,NEW YORK,NY,10031,0,7,51417190.86,50149.62606,True
135,New York,702461,Store,A,3 STAR DELI GROCERY INC,3 STAR DELI GROCERY,1045,ST NICHOLAS AVE,,,NEW YORK,NY,10032,1100,7,51417190.86,50149.62606,False
136,New York,725385,Store,A,125 FOOD MART INC,125TH ST FOOD MART,521,WEST 125TH STREET,,,NEW YORK,NY,10027,1800,7,51417190.86,50149.62606,False
137,New York,733512,Store,JAC,360 DELI CORP,360 DELI,360,WEST 110TH STREET,,,NEW YORK,NY,10025,0,7,51417190.86,50149.62606,False
138,New York,728851,Store,JAC,EDDY FOOD CENTER CORP,EDDY FOOD CENTER,2108,AMSTERDAM AVE,,,NEW YORK,NY,10032,1800,7,51417190.86,50149.62606,True
139,New York,739662,Store,JAC,WESTSIDE FRUITS & VEGETABLES INC,WESTSIDE FRUITS & VEGET,900,AMSTERDAM AVENUE,,,NEW YORK,NY,10025,1000,7,51417190.86,50149.62606,True
140,New York,729313,Store,A,AMERICAN DISCOUNT INC,AMERICAN DISCOUNT,2067,AMSTERDAM AVE,,,NEW YORK,NY,10032,0,7,51417190.86,50149.62606,False
141,New York,744702,Store,JAC,SONS FRESH PRODUCE 2 INC,SONS FRESH MARKET,3349,BROADWAY,,,NEW YORK,NY,10031,1800,7,51417190.86,50149.62606,True
142,New York,715960,Store,JAC,844 DELI GROCERY INC,844 DELI GROCERY,844,AMSTERDAM AVE,,,NEW YORK,NY,10025,0,7,51417190.86,50149.62606,True
143,New York,736281,Store,JAC,ZZ DELI GROCERY CORP,ZZ DELI GROCERY,1753,AMSTERDAM AVE,,,NEW YORK,NY,10031,0,7,51417190.86,50149.62606,True
144,New York,623155,Store,JAC,SUHAIL FADHL N,SUHAIL DELI&GROCERY,1536,AMSTERDAM AVE,,,NEW YORK,NY,10031,1500,7,51417190.86,50149.62606,True
145,New York,705693,Store,JAC,ABC FOOD CENTER INC,PAPASITOS FOOD MARKET,3605,BROADWAY,,,NEW YORK,NY,10031,3000,7,51417190.86,50149.62606,True
146,New York,626649,Store,JAC,3060 BROADWAY CORP,OLIVE TREE DELI,3060,BROADWAY,,,NEW YORK,NY,10027,1500,7,51417190.86,50149.62606,False
147,New York,732757,Store,JAC,HANA MART COLUMBIA CORP,H MART,2828,BROADWAY,,,NEW YORK,NY,10025,6500,7,51417190.86,50149.62606,True
148,New York,720361,Store,JAC,COLUMBIA DELI AND GRILL INC,COLUMBIA DELI AND GRILL,1348,AMSTERDAM AVENUE,,,NEW YORK,NY,10027,1000,7,51417190.86,50149.62606,False
149,New York,628594,Store,A,2732 CONVENIENCE GROCERY CORP,2732 CONVENIENCE GROCER,2732,BROADWAY,,,NEW YORK,NY,10025,525,7,51417190.86,50149.62606,False
150,New York,625300,Store,JAC,BETTER FRUIT INC,CENTRAL MARKETS,220,MANHATTAN AVE,,,NEW YORK,NY,10025,10000,7,51417190.86,50149.62606,True
151,New York,748731,Store,JAC,159 CONVENIENCE CORP,159 CONVENIENCE CORP,1995,"AMSTERDAM AVE, STE 4",,,NEW YORK,NY,10032,1600,7,51417190.86,50149.62606,True
152,New York,705810,Store,A,COMMUNITY CANDY CORP,COMMUNITY CANDY,3513,BROADWAY,,,NEW YORK,NY,10031,1200,7,51417190.86,50149.62606,False
153,New York,719418,Store,JAC,453 HARLEM DELI CORP,453 HARLEM DELI,453,W 125TH STREET,,,NEW YORK,NY,10027,1500,7,51417190.86,50149.62606,False
154,New York,733197,Store,JAC,BROADWAY FINEST DELI CORP,BROADWAY FINEST DELI,3620,BROADWAY,,,NEW YORK,NY,10031,0,7,51417190.86,50149.62606,False
155,New York,739696,Store,JAC,ANTILLANA SUPERFOOD MEAT CORP,ANTILLANA SUPERFOOD MARKET,3900,BROADWAY,,,NEW YORK,NY,10032,0,7,51417190.86,50149.62606,True
156,New York,726122,Store,JAC,467 STAR DELI INC,467 STAR DELI,467,W 125TH STREET,,,NEW YORK,NY,10027,1200,7,51417190.86,50149.62606,False
157,New York,624218,Store,JAC,JOSE GROCERY CORP,JOSE DELI GROCERY,1881,AMSTERDAM AVE,,,NEW YORK,NY,10032,1600,7,51417190.86,50149.62606,True
158,New York,738428,Store,JAC,DIVYA CONVENIENCE INC,DIVYA CONVENIENCE,934,AMSTERDAM AVE,,,NEW YORK,NY,10025,2000,7,51417190.86,50149.62606,False
159,New York,717219,Store,JAC,O & B RANCH DELI GROCERY CORP,O & B RANCH DELI GROCER,559,W 158TH ST AKA 3800 BROADWAY,,,NEW YORK,NY,10032,1800,7,51417190.86,50149.62606,True
160,New York,723864,Store,JAC,SUSHI MARU EXPRESS INC,SUSHI NARA EXPRESS,2941,BROADWAY (MORTON WILLIAMS),,,NEW YORK,NY,10025,75,7,51417190.86,50149.62606,False
161,New York,625809,Store,A,ADIL ENTERPRISES INC,MOKE&NEWS,3189,BROADWAY,,,NEW YORK,NY,10027,2200,7,51417190.86,50149.62606,False
162,New York,737259,Store,JAC,ITO INC,KIKKA@WHOLE FOODS UPPER,808,COLUMBUS AVE,,,NEW YORK,NY,10025,150,7,51417190.86,50149.62606,False
163,New York,745702,Store,JAC,SAVORY FOOD & GRILL INC,SAVORY FOOD & GRILL,1814,AMSTERDAM AVE,,,NEW YORK,NY,10031,0,7,51417190.86,50149.62606,True
164,New York,732132,Store,JAC,4 BROTHERS FOOD MARKET & DELI INC,4 BROTHERS FOOD MARKET,1712,AMSTERDAM AVE,,,NEW YORK,NY,10031,0,7,51417190.86,50149.62606,True
165,New York,742695,Store,JAC,QUEZADAS JUICE BAR CORP,QUEZADA'S JUICE BAR,501,WEST 145TH STREET,,,NEW YORK,NY,10031,0,7,51417190.86,50149.62606,False
166,New York,745422,Store,JAC,PAQUTERIA TULCINGO DIAMINTE 2 INC,PAQUTERIA,3480,BROADWAY,,,NEW YORK,NY,10031,1800,7,51417190.86,50149.62606,True
167,New York,724493,Store,JAC,K & N STORES INC,7 ELEVEN STORE # 37539A,801,AMSTERDAM AVE,,,NEW YORK,NY,10025,0,7,51417190.86,50149.62606,False
168,New York,628353,Store,JAC,194 MANHATTAN DELI INC,194 MANHATTAN DELI,194,"MANHATTAN AVE, AKA 17-19 W108",,,NEW YORK,NY,10025,1300,7,51417190.86,50149.62606,False
169,New York,715934,Store,A,155TH STREET AUTO CENTER INC,155TH STREET AUTO CENTER,3740,BROADWAY,,,NEW YORK,NY,10032,1800,7,51417190.86,50149.62606,False
170,New York,628232,Store,JACK,WHOLE FOODS MARKET GROUP INC,WHOLE FOODS MARKET,808,COLUMBUS AVE,,,NEW YORK,NY,10025,58000,7,51417190.86,50149.62606,True
171,New York,624289,Store,JAC,NUVE MIGUEL CORP,KEY FOOD,755,AMSTERDAM AVE,,,NEW YORK,NY,10025,7500,7,51417190.86,50149.62606,True
172,New York,624928,Store,JAC,LUNA BROTHERS INC,C TOWN,3632,BROADWAY,,,NEW YORK,NY,10031,18000,7,51417190.86,50149.62606,True
173,New York,709892,Store,A,COLUMBIA SMOKE SHOP INC,COLUMBIA SMOKE SHOP,974,AMSTERDAM AVE,,,NEW YORK,NY,10025,1000,7,51417190.86,50149.62606,False
174,New York,734019,Store,JAC,ELEGANZA GOURMET INC,ELEGANZA GOURMET,1,CONVENT AVE,,,NEW YORK,NY,10027,1500,7,51417190.86,50149.62606,False
175,New York,720834,Store,JAC,KASSIM FOOD MARKET CORP,KASSIM FOOD MARKET,1795,AMSTERDAM AVE,,,NEW YORK,NY,10031,0,7,51417190.86,50149.62606,True
176,New York,627880,Store,JAC,EL GALLO MEAT MARKET INC,COMPARE FOODS,538,W 138TH ST,,,NEW YORK,NY,10031,15000,7,51417190.86,50149.62606,True
177,New York,741134,Store,JAC,1316 CORP,FOODTOWN,1316,AMSTERDAM AVENUE,,,NEW YORK,NY,10027,15000,7,51417190.86,50149.62606,True
178,New York,718827,Store,JAC,COLUMBUS GROCERS LLC,FRESHYS DELI & GROCERY,941,COLUMBUS AVE,,,NEW YORK,NY,10025,1650,7,51417190.86,50149.62606,True
179,New York,725095,Store,JAC,MANHATTAN VILLE DELI GOURMET INC,MANHATTAN VILLE DELI GO,1437,AMSTERDAM AVE,,,NEW YORK,NY,10027,0,7,51417190.86,50149.62606,False
180,New York,626556,Store,A,DUANE READE ETAL PTRS,DUANE READE 14214,2760-62,BROADWAY,,,NEW YORK,NY,10025,7380,7,51417190.86,50149.62606,False
181,New York,724020,Store,JAC,1532 AMSTERDAM FOOD CORP,1532 AMSTERDAM  FOOD,1532,AMSTERDAM AVE,,,NEW YORK,NY,10031,1800,7,51417190.86,50149.62606,True
182,New York,710295,Store,JAC,501 DELI CORP,501 DELI,501,W 125TH ST,,,NEW YORK,NY,10027,2000,7,51417190.86,50149.62606,False
183,New York,623190,Store,JAC,RIVERSIDE GOURMET MARKET INC,RIVERSIDE GOURMET MKT,3779,BROADWAY,,,NEW YORK,NY,10032,2000,7,51417190.86,50149.62606,True
184,New York,729281,Store,JAC,SANTIAGO FOOD CENTER INC,SANTIAGO FOOD CENTER,3680,BROADWAY,,,NEW YORK,NY,10031,650,7,51417190.86,50149.62606,True
185,New York,621526,Store,JAC,3484 BROADWAY MINI MARKET INC,3484 BROADWAY MINI MKT,3484,BROADWAY,,,NEW YORK,NY,10031,1800,7,51417190.86,50149.62606,True
186,New York,748151,Store,JAC,MARCOS GROCERY & DELI INC,MARCOS GROCERY & DELI,900,RIVERSIDE DRIVE STORE #3,,,NEW YORK,NY,10032,0,7,51417190.86,50149.62606,True
187,New York,732823,Store,JAC,SAEED DELI GROCERY CORP,SAEED DELI GROCERY,1734,AMSTERDAM AVENUE,,,NEW YORK,NY,10031,0,7,51417190.86,50149.62606,True
188,New York,737204,Store,A,LD DOLLAR DEAL INC,LD DOLLAR,547,W 145TH ST,,,NEW YORK,NY,10031,1500,7,51417190.86,50149.62606,False
189,New York,628746,Store,JAC,980 COLUMBUS FOOD CORP,RANCH DELI,980,COLUMBUS AVE,,,NEW YORK,NY,10025,1800,7,51417190.86,50149.62606,False
190,New York,624631,Store,JAC,987 SUPERMARKET INC,LOS VECINOS MEAT MKT,987,AMSTERDAM AVE,,,NEW YORK,NY,10025,1500,7,51417190.86,50149.62606,False
191,New York,747133,Store,JAC,TAFT 1 DELI CORP,TAFT 1 DELI,469,W. 157TH ST.,,,NEW YORK,NY,10032,2000,7,51417190.86,50149.62606,False
192,New York,736995,Store,JAC,JAR DELI MARKET CORP,JAR DELI MARKET,501,W 134TH STREET,,,NEW YORK,NY,10031,0,7,51417190.86,50149.62606,False
193,New York,627102,Store,JAC,560 WEST MEAT&PRODUCE CORP,C TOWN,560,W 125TH ST,,,NEW YORK,NY,10027,9000,7,51417190.86,50149.62606,True
194,New York,728953,Store,JAC,LOS VECINOS MINI MARKET INC,LOS VECINOS MINI MARKET,3518,BROADWAY,,,NEW YORK,NY,10031,0,7,51417190.86,50149.62606,True
195,New York,627530,Store,JABC,WS MARKETS LLC,WEST SIDE SUPERMARKETS,2840,BROADWAY,,,NEW YORK,NY,10025,20000,7,51417190.86,50149.62606,True
196,New York,623254,Store,JAC,JKJ CORP,ASSOCIATED SUPERMARKET,13-15,W 100TH ST,,,NEW YORK,NY,10025,18000,7,51417190.86,50149.62606,True
197,New York,722276,Store,JAC,GHANSHYAM 2 DELI & GROCERY INC,BROADWAY WHOLESOME FOOD,3578,BROADWAY,,,NEW YORK,NY,10031,0,7,51417190.86,50149.62606,True
198,New York,629196,Store,JAC,3875 MH DELI GROCERY INC,3875 MH DELI GROCERY,3875,BROADWAY,,,NEW YORK,NY,10032,1200,7,51417190.86,50149.62606,True
199,New York,731960,Store,JAC,HASSAN MUBARAK A,HOST DELI & GROCERY,880,AMSTERDAM AVENUE,,,NEW YORK,NY,10025,2000,7,51417190.86,50149.62606,True
200,New York,739601,Store,A,AMSTERDAM 99C PLUS INC,AMSTERDAM 99C PLUS,912,AMSTERDAM AVE,,,NEW YORK,NY,10025,3000,7,51417190.86,50149.62606,False
201,New York,721378,Store,JAC,MERCADITO DEL CIBAO CORP,MERCADITO GROCERY,3814,BROADWAY,,,NEW YORK,NY,10032,1500,7,51417190.86,50149.62606,True
202,New York,748339,Store,JAC,SAVORY DELI & GROCERY 1 INC,SAVORY DELI & GROCERY 1,1840,AMSTERDAM AVE,,,NEW YORK,NY,10031,2000,7,51417190.86,50149.62606,True
203,New York,711853,Store,JAC,HARLEM 421 FOOD CORP,KEY FOOD,421,W 125TH ST,,,NEW YORK,NY,10027,6400,7,51417190.86,50149.62606,True
204,New York,629713,Store,JAC,JBV ENTERPRISES INC,LA BLANDA MEAT MARKET,3824,BROADWAY,,,NEW YORK,NY,10032,1500,7,51417190.86,50149.62606,False
205,New York,748886,Store,A,CONVENIENCE AND CANDY CORP,CONVENIENCE AND CANDY,3550,BROADWAY,,,NEW YORK,NY,10031,1800,7,51417190.86,50149.62606,False
206,New York,711239,Store,JAC,JACOB GOURMET FOOD INC,JACOB GOURMET FOOD,601,W 151ST ST,,,NEW YORK,NY,10031,2000,7,51417190.86,50149.62606,False
207,New York,629498,Store,A,103RD ST 99 CENT CORP,A TO Z 99 CENT STORE,2686,BROADWAY,,,NEW YORK,NY,10025,1500,7,51417190.86,50149.62606,False
208,New York,706422,Store,A,R B MART INC,DOLLAR MART,3848,BROADWAY,,,NEW YORK,NY,10032,1500,7,51417190.86,50149.62606,False
209,New York,737349,Store,JAC,NUEZ DELI GROCERY CORP,NUEZ DELI GROCERY,1484,AMSTERDAM AVE,,,NEW YORK,NY,10031,0,7,51417190.86,50149.62606,True
210,New York,742588,Store,JAC,SILVER MOON DELI INC,SILVER MOON DELI,3840,BROADWAY,,,NEW YORK,NY,10032,1800,7,51417190.86,50149.62606,False
211,New York,721382,Store,A,UPPER WEST CANDY GROCERY INC,UPPER WEST CANDY GROCER,2618,BROADWAY,,,NEW YORK,NY,10025,0,7,51417190.86,50149.62606,False
212,New York,717941,Store,JAC,LA FONDA DE LUISA CORP,THE MEXICAN CULTURE DELI,2017,AMSTERDAM AVE,,,NEW YORK,NY,10032,2400,7,51417190.86,50149.62606,False
213,New York,702684,Store,JAC,BAHAMAS DELI CORP,BAHAMAS DELI,3137,BROADWAY,,,NEW YORK,NY,10027,1500,7,51417190.86,50149.62606,False
214,New York,737629,Store,A,WEJDAN CANDY & GROCERY INC,WEJDAN CANDY & GROCERY,3890,BROADWAY,,,NEW YORK,NY,10032,1600,7,51417190.86,50149.62606,False
215,New York,731926,Store,JAC,DYLANS DELICIOUS DELI GROCERY COR,DYLANS DELICIOUS DELI G,900,RIVERSIDE DRIVE,,,NEW YORK,NY,10032,0,7,51417190.86,50149.62606,True
216,New York,624394,Store,JAC,MILANO MARKET INC,MILANO MARKET,2892,BROADWAY,,,NEW YORK,NY,10025,3000,7,51417190.86,50149.62606,True
217,New York,620617,Store,JAC,SAMADS GOURMET INC,SAMADS GOURMET,2867,BROADWAY,,,NEW YORK,NY,10025,2500,7,51417190.86,50149.62606,False
218,New York,718193,Store,JAC,COLUMBIA GOURMET DELI CORP,COULUMBIA GOURMET DELI,3905,BROADWAY,,,NEW YORK,NY,10032,1800,7,51417190.86,50149.62606,False
219,New York,718382,Store,JAC,MANHATTANVILLE DELI CORP,MANHATTANVILLE DELI,1413,AMSTERDAM AVE,,,NEW YORK,NY,10027,0,7,51417190.86,50149.62606,False
220,New York,627088,Store,JAC,91 CATHERINE GROCERY CORP,91 CATHERINE GROCERY,91,HAMILTON PL,,,NEW YORK,NY,10031,1500,7,51417190.86,50149.62606,True
221,New York,749039,Store,JAC,3345 BROADWAY DELI & GROCERY INC,3345 BROADWAY DELI & GR,3345,BROADWAY,,,NEW YORK,NY,10031,2200,7,51417190.86,50149.62606,False
222,New York,724956,Store,A,101 SMOKE SHOP CORP,101 SMOKE SHOP,2660,BROADWAY,,,NEW YORK,NY,10025,850,7,51417190.86,50149.62606,False
223,New York,745041,Store,JAC,NADAL'S DELI CORP,NADAL'S DELI,3399,BROADWAY STORE 3,,,NEW YORK,NY,10031,0,7,51417190.86,50149.62606,False
224,New York,621015,Store,JAC,3011 GROCERY INC,C TOWN,3320,BROADWAY,,,NEW YORK,NY,10031,20000,7,51417190.86,50149.62606,True
225,New York,708796,Store,JAC,KING MEAT CORP,SHOP FAIR,3871,BROADWAY,,,NEW YORK,NY,10032,15000,7,51417190.86,50149.62606,True
226,New York,731587,Store,JAC,GREAT NEWS CORP,GREAT NEWS,2941,BROADWAY,,,NEW YORK,NY,10025,0,7,51417190.86,50149.62606,False
227,New York,741584,Store,JAC,NEW DELI 1 CORP,NEW DELI 1,3660,BROADWAY,,,NEW YORK,NY,10031,2000,7,51417190.86,50149.62606,False
228,New York,748699,Store,A,UPPER MANHATTAN PHARMA INC,UPPER MANHATTAN PHARMACY,1728,AMSTERDAM AVE,,,NEW YORK,NY,10031,0,7,51417190.86,50149.62606,False
229,New York,626558,Store,A,DUANE READE ETAL PTRS,DUANE READE 14225,2864,BROADWAY,,,NEW YORK,NY,10025,6760,7,51417190.86,50149.62606,False
230,New York,721538,Store,JAC,JOES GOURMET DELI INC,JOES GOURMET DELI,920,COLUMBUS AVENUE,,,NEW YORK,NY,10025,600,7,51417190.86,50149.62606,False
231,New York,627132,Store,A,1967 99 CENTS & DISCOUNT INC,99 CENTS & DISCOUNT,1967,AMSTERDAM,,,NEW YORK,NY,10032,2500,7,51417190.86,50149.62606,False
